名称,発生場所,発生年月日,当事者種別,事故内容,所轄警察署,事故類型,地点経度,地点緯度
全事故,東伯郡琴浦町大字出上,2013/10/30,軽貨物×相手なし,重傷事故,八橋署,車両単独,133.63196416700,35.50113361110
全事故,鳥取市三山口,2013/11/03,普通乗用×物件等,重傷事故,鳥取署,車両単独,134.15423333300,35.48269722220
全事故,米子市西福原一丁目,2013/11/21,普通乗用×普通乗用,軽傷事故,米子署,車両相互,133.34055833300,35.43853611110
全事故,鳥取市安長,2013/11/23,普通乗用×自転車,重傷事故,鳥取署,車両相互,134.20791666700,35.51267777780
全事故,鳥取市吉方温泉４丁目,2013/11/25,普通乗用×軽乗用×普通乗用,軽傷事故,鳥取署,車両相互,134.23786388900,35.48967222220
全事故,西伯郡南部町阿賀,2013/11/26,普通乗用×普通乗用,軽傷事故,米子署,車両相互,133.33130555600,35.36158611110
全事故,米子市上福原,2013/12/06,普通乗用×自転車,軽傷事故,米子署,車両相互,133.35246388900,35.44394166670
全事故,米子市宗像,2013/12/09,普通貨物×軽乗用,軽傷事故,米子署,車両相互,133.35307222200,35.41546388890
全事故,米子市日ノ出町二丁目,2013/12/12,軽貨物×自転車,軽傷事故,米子署,車両相互,133.33639027800,35.43667555560
全事故,倉吉市越殿町,2013/12/12,軽貨物×軽貨物,重傷事故,倉吉署,車両相互,133.81558055600,35.43254166670
全事故,鳥取市商栄町,2013/12/13,普通乗用×軽乗用,重傷事故,鳥取署,車両相互,134.20835555600,35.51819722220
全事故,鳥取市薬師町,2013/12/13,普通乗用×軽乗用,軽傷事故,鳥取署,車両相互,134.22459444400,35.50763611110
全事故,米子市両三柳,2013/12/17,普通乗用×普通乗用,軽傷事故,米子署,車両相互,133.33498333300,35.45679166670
全事故,東伯郡北栄町江北,2013/12/18,軽貨物×軽乗用,軽傷事故,倉吉署,車両相互,133.83723333300,35.48170833330
全事故,東伯郡北栄町妻波,2013/12/19,普通乗用×普通乗用,軽傷事故,倉吉署,車両相互,133.74751388900,35.49355277780
全事故,西伯郡伯耆町白水,2013/12/20,大型貨物×軽乗用,軽傷事故,黒坂署,車両相互,133.45779444400,35.31725833330
全事故,米子市両三柳,2013/12/20,普通乗用×普通乗用,軽傷事故,米子署,車両相互,133.33160555600,35.45140833330
全事故,米子市彦名町,2013/12/20,軽乗用×普通乗用,軽傷事故,米子署,車両相互,133.29154166700,35.45420277780
全事故,米子市両三柳,2013/12/20,普通乗用×歩行者,軽傷事故,米子署,人対車両,133.32375833300,35.44852222220
全事故,米子市宗像,2013/12/20,普通乗用×普通乗用,軽傷事故,米子署,車両相互,133.35307222200,35.41677222220
全事故,倉吉市上井,2013/12/21,普通乗用×普通貨物,軽傷事故,倉吉署,車両相互,133.84577222200,35.45042222220
全事故,鳥取市千代水１丁目,2013/12/25,軽乗用×普通乗用,軽傷事故,鳥取署,車両相互,134.20224166700,35.51613611110
全事故,鳥取市安長,2013/12/25,軽乗用×歩行者,軽傷事故,鳥取署,人対車両,134.20509166700,35.51270277780
全事故,米子市東福原一丁目,2013/12/26,軽乗用×物件等×歩行者以外道路上の人,軽傷事故,米子署,車両単独,133.34549722200,35.43654166670
全事故,境港市上道町,2013/12/26,軽乗用×原付,重傷事故,境港署,車両相互,133.23523333300,35.54234166670
全事故,米子市新開二丁目,2013/12/26,普通乗用×普通乗用,軽傷事故,米子署,車両相互,133.34755000000,35.45392500000
全事故,米子市久米町,2013/12/26,軽乗用×軽乗用,軽傷事故,米子署,車両相互,133.32536111100,35.42257777780
全事故,米子市米原九丁目,2013/12/27,普通貨物×普通乗用,軽傷事故,米子署,車両相互,133.32675555600,35.44693611110
全事故,米子市角盤町三丁目,2013/12/27,普通乗用×歩行者,軽傷事故,米子署,人対車両,133.32953888900,35.43521666670
全事故,米子市東福原二丁目,2013/12/27,普通乗用×軽乗用,軽傷事故,米子署,車両相互,133.34263055600,35.43989444440
全事故,米子市両三柳,2013/12/27,軽乗用×歩行者,重傷事故,米子署,人対車両,133.31902500000,35.45667500000
全事故,東伯郡琴浦町大字浦安,2013/12/27,軽貨物×歩行者,軽傷事故,八橋署,人対車両,133.69608888900,35.49156666670
全事故,西伯郡大山町御来屋,2013/12/27,軽貨物×歩行者,重傷事故,八橋署,人対車両,133.49608055600,35.51136666670
全事故,鳥取市西町５丁目,2013/12/27,軽乗用×自転車,重傷事故,鳥取署,車両相互,134.23302777800,35.50745000000
全事故,鳥取市立川町５丁目,2013/12/27,軽乗用×自転車,軽傷事故,鳥取署,車両相互,134.24650833300,35.49088333330
全事故,境港市渡町,2013/12/28,普通乗用×物件等,重傷事故,境港署,車両単独,133.21892222200,35.51164722220
全事故,米子市米原二丁目,2013/12/28,普通乗用×軽乗用,軽傷事故,米子署,車両相互,133.32788888900,35.44351944440
全事故,鳥取市南隈,2013/12/28,普通乗用×軽乗用,軽傷事故,鳥取署,車両相互,134.20810555600,35.51970555560
全事故,鳥取市緑ヶ丘３丁目,2013/12/29,普通乗用×物件等,軽傷事故,鳥取署,車両単独,134.20173611100,35.50881388890
全事故,米子市米原八丁目,2014/01/02,軽乗用×普通乗用,軽傷事故,米子署,車両相互,133.32981944400,35.43145277780
全事故,鳥取市安長,2014/01/02,軽乗用×普通乗用,軽傷事故,鳥取署,車両相互,134.20255000000,35.51335000000
全事故,米子市河崎,2014/01/03,軽乗用×自転車,軽傷事故,米子署,車両相互,133.30405000000,35.45429722220
全事故,鳥取市東品治町,2014/01/03,軽乗用×自転車,重傷事故,鳥取署,車両相互,134.22362500000,35.49427222220
全事故,境港市上道町,2014/01/05,軽乗用×歩行者,軽傷事故,境港署,人対車両,133.23427777800,35.53861111110
全事故,米子市河崎,2014/01/05,軽乗用×普通乗用,軽傷事故,米子署,車両相互,133.31089444400,35.46423333330
全事故,西伯郡大山町富長,2014/01/05,普通乗用×物件等,軽傷事故,八橋署,車両単独,133.48252305600,35.50194500000
全事故,八頭郡智頭町大字駒帰,2014/01/06,軽貨物×軽貨物,軽傷事故,智頭署,車両相互,134.32141194400,35.22028638890
全事故,八頭郡八頭町宮谷,2014/01/06,普通乗用×普通乗用,軽傷事故,郡家署,車両相互,134.25516388900,35.41383888890
全事故,米子市角盤町四丁目,2014/01/07,軽乗用×普通乗用,軽傷事故,米子署,車両相互,133.32840000000,35.43758333330
全事故,米子市東福原１丁目,2014/01/07,普通乗用×普通乗用,軽傷事故,米子署,車両相互,133.34000000000,35.43799166670
全事故,八頭郡八頭町富枝,2014/01/07,軽貨物×歩行者,重傷事故,郡家署,人対車両,134.36001777800,35.36224444440
全事故,岩美郡岩美町大字大谷,2014/01/07,軽乗用×普通貨物,軽傷事故,鳥取署,車両相互,134.29769166700,35.56718333330
全事故,米子市車尾二丁目,2014/01/08,軽乗用×軽貨物,軽傷事故,米子署,車両相互,133.34962222200,35.43259722220
全事故,鳥取市国府町新通り３丁目,2014/01/10,軽乗用×軽乗用,軽傷事故,鳥取署,車両相互,134.25487777800,35.48235833330
全事故,米子市西福原三丁目,2014/01/11,普通乗用×歩行者,重傷事故,米子署,人対車両,133.34310833300,35.44047777780
全事故,鳥取市気高町八束水,2014/01/12,普通乗用×軽乗用,軽傷事故,浜村署,車両相互,134.02500138900,35.51833444440
全事故,鳥取市南栄町,2014/01/12,軽貨物×軽乗用,軽傷事故,鳥取署,車両相互,134.24312222200,35.45867777780
全事故,鳥取市気高町下光元,2014/01/13,軽乗用×軽貨物,軽傷事故,浜村署,車両相互,134.07532500000,35.49010000000
全事故,鳥取市気高町下光元,2014/01/13,軽貨物×物件等,軽傷事故,浜村署,車両単独,134.07532500000,35.49010000000
全事故,鳥取市千代水４丁目,2014/01/14,中型貨物×物件等×歩行者×歩行者,軽傷事故,鳥取署,車両単独,134.19391388900,35.51943888890
全事故,米子市錦町三丁目,2014/01/14,普通乗用×普通乗用,軽傷事故,米子署,車両相互,133.32724166700,35.43859444440
全事故,米子市車尾五丁目,2014/01/14,普通貨物×軽乗用,軽傷事故,米子署,車両相互,133.36167222200,35.43133333330
全事故,岩美郡岩美町大字大谷,2014/01/14,普通乗用×普通乗用,軽傷事故,鳥取署,車両相互,134.29263611100,35.56648055560
全事故,米子市富益町,2014/01/15,普通乗用×普通乗用×軽乗用,軽傷事故,米子署,車両相互,133.28787777800,35.47986666670
全事故,境港市高松町,2014/01/15,軽乗用×軽乗用,軽傷事故,境港署,車両相互,133.24771388900,35.51925277780
全事故,米子市東福原八丁目,2014/01/15,普通乗用×普通乗用,重傷事故,米子署,車両相互,133.34642500000,35.45391111110
全事故,倉吉市北野,2014/01/15,普通乗用×軽乗用,軽傷事故,倉吉署,車両相互,133.80203611100,35.42450833330
全事故,鳥取市湖山町北１丁目,2014/01/15,普通乗用×軽乗用,軽傷事故,鳥取署,車両相互,134.17946111100,35.51910277780
全事故,米子市宗像,2014/01/16,普通乗用×軽乗用×普通乗用,軽傷事故,米子署,車両相互,133.35795833300,35.41122222220
全事故,米子市角盤町四丁目,2014/01/16,普通乗用×歩行者,軽傷事故,米子署,人対車両,133.32714444400,35.43860555560
全事故,米子市旗ヶ崎五丁目,2014/01/16,普通乗用×歩行者,軽傷事故,米子署,人対車両,133.31231666700,35.44476944440
全事故,米子市昭和町,2014/01/17,普通乗用×軽乗用,軽傷事故,米子署,車両相互,133.34282222200,35.42584166670
全事故,倉吉市山根,2014/01/17,軽貨物×軽乗用,軽傷事故,倉吉署,車両相互,133.84928611100,35.44938888890
全事故,鳥取市徳尾,2014/01/17,軽乗用×自転車,軽傷事故,鳥取署,車両相互,134.20513333300,35.50215833330
全事故,米子市車尾三丁目,2014/01/18,普通乗用×歩行者,軽傷事故,米子署,人対車両,133.35729722200,35.43311944440
全事故,東伯郡三朝町大字砂原,2014/01/21,軽貨物×歩行者,軽傷事故,倉吉署,人対車両,133.90500444400,35.40972222220
全事故,八頭郡智頭町大字野原,2014/01/21,軽乗用×中型貨物,軽傷事故,智頭署,車両相互,134.21695861100,35.21390611110
全事故,鳥取市伏野,2014/01/21,軽乗用×普通乗用,軽傷事故,鳥取署,車両相互,134.13454166700,35.52708888890
全事故,鳥取市吉成,2014/01/21,普通乗用×普通乗用,軽傷事故,鳥取署,車両相互,134.22688888900,35.48071388890
全事故,日野郡江府町大字佐川,2014/01/21,大型貨物×普通乗用,軽傷事故,高速隊,車両相互,133.48001222200,35.30001638890
全事故,米子市両三柳,2014/01/24,普通乗用×歩行者,重傷事故,米子署,人対車両,133.31051111100,35.45249722220
全事故,鳥取市布勢,2014/01/24,軽乗用×原付,軽傷事故,鳥取署,車両相互,134.18309444400,35.50298333330
全事故,鳥取市叶,2014/01/24,軽乗用×普通貨物,軽傷事故,鳥取署,車両相互,134.21864444400,35.47789444440
全事故,米子市西福原八丁目,2014/01/25,軽乗用×物件等,死亡事故,米子署,車両単独,133.34220555600,35.44933888890
全事故,八頭郡八頭町奥谷,2014/01/25,軽乗用×歩行者,軽傷事故,郡家署,人対車両,134.26001805600,35.42001388890
全事故,八頭郡八頭町西御門,2014/01/25,普通乗用×軽乗用,軽傷事故,郡家署,車両相互,134.27111750000,35.39667055560
全事故,鳥取市商栄町,2014/01/26,普通乗用×軽乗用,軽傷事故,鳥取署,車両相互,134.21005555600,35.51254722220
全事故,鳥取市吉成２丁目,2014/01/27,軽乗用×軽乗用,軽傷事故,鳥取署,車両相互,134.22583333300,35.48484722220
全事故,鳥取市桂見,2014/01/27,軽乗用×軽乗用,重傷事故,鳥取署,車両相互,134.17477500000,35.50152500000
全事故,米子市旗ヶ崎六丁目,2014/01/29,普通乗用×軽乗用,軽傷事故,米子署,車両相互,133.31146388900,35.44065833330
全事故,鳥取市福部町湯山,2014/01/30,軽貨物×普通乗用,軽傷事故,鳥取署,車両相互,134.25380000000,35.53842500000
死亡事故,米子市西福原八丁目,2014/01/25,軽乗用×物件等,死亡事故,米子署,車両単独,133.34220555600,35.44933888890
自転車事故,米子市日ノ出町二丁目,2013/12/12,軽貨物×自転車,軽傷事故,米子署,車両相互,133.33639027800,35.43667555560
自転車事故,米子市上福原,2013/12/06,普通乗用×自転車,軽傷事故,米子署,車両相互,133.35246388900,35.44394166670
自転車事故,米子市河崎,2014/01/03,軽乗用×自転車,軽傷事故,米子署,車両相互,133.30405000000,35.45429722220
自転車事故,鳥取市立川町５丁目,2013/12/27,軽乗用×自転車,軽傷事故,鳥取署,車両相互,134.24650833300,35.49088333330
自転車事故,鳥取市東品治町,2014/01/03,軽乗用×自転車,重傷事故,鳥取署,車両相互,134.22362500000,35.49427222220
自転車事故,鳥取市徳尾,2014/01/17,軽乗用×自転車,軽傷事故,鳥取署,車両相互,134.20513333300,35.50215833330
自転車事故,鳥取市西町５丁目,2013/12/27,軽乗用×自転車,重傷事故,鳥取署,車両相互,134.23302777800,35.50745000000
自転車事故,鳥取市安長,2013/11/23,普通乗用×自転車,重傷事故,鳥取署,車両相互,134.20791666700,35.51267777780
歩行者事故,八頭郡八頭町富枝,2014/01/07,軽貨物×歩行者,重傷事故,郡家署,人対車両,134.36001777800,35.36224444440
歩行者事故,東伯郡三朝町大字砂原,2014/01/21,軽貨物×歩行者,軽傷事故,倉吉署,人対車両,133.90500444400,35.40972222220
歩行者事故,八頭郡八頭町奥谷,2014/01/25,軽乗用×歩行者,軽傷事故,郡家署,人対車両,134.26001805600,35.42001388890
歩行者事故,米子市車尾三丁目,2014/01/18,普通乗用×歩行者,軽傷事故,米子署,人対車両,133.35729722200,35.43311944440
歩行者事故,米子市角盤町三丁目,2013/12/27,普通乗用×歩行者,軽傷事故,米子署,人対車両,133.32953888900,35.43521666670
歩行者事故,米子市角盤町四丁目,2014/01/16,普通乗用×歩行者,軽傷事故,米子署,人対車両,133.32714444400,35.43860555560
歩行者事故,米子市西福原三丁目,2014/01/11,普通乗用×歩行者,重傷事故,米子署,人対車両,133.34310833300,35.44047777780
歩行者事故,米子市旗ヶ崎五丁目,2014/01/16,普通乗用×歩行者,軽傷事故,米子署,人対車両,133.31231666700,35.44476944440
歩行者事故,米子市両三柳,2013/12/20,普通乗用×歩行者,軽傷事故,米子署,人対車両,133.32375833300,35.44852222220
歩行者事故,米子市両三柳,2014/01/24,普通乗用×歩行者,重傷事故,米子署,人対車両,133.31051111100,35.45249722220
歩行者事故,米子市両三柳,2013/12/27,軽乗用×歩行者,重傷事故,米子署,人対車両,133.31902500000,35.45667500000
歩行者事故,東伯郡琴浦町大字浦安,2013/12/27,軽貨物×歩行者,軽傷事故,八橋署,人対車両,133.69608888900,35.49156666670
歩行者事故,西伯郡大山町御来屋,2013/12/27,軽貨物×歩行者,重傷事故,八橋署,人対車両,133.49608055600,35.51136666670
歩行者事故,鳥取市安長,2013/12/25,軽乗用×歩行者,軽傷事故,鳥取署,人対車両,134.20509166700,35.51270277780
歩行者事故,鳥取市千代水４丁目,2014/01/14,中型貨物×物件等×歩行者×歩行者,軽傷事故,鳥取署,車両単独,134.19391388900,35.51943888890
歩行者事故,境港市上道町,2014/01/05,軽乗用×歩行者,軽傷事故,境港署,人対車両,133.23427777800,35.53861111110
全事故,米子市旗ヶ崎二丁目,2013/11/10,普通乗用×普通乗用,重傷事故,米子署,車両相互,133.31352500000,35.43687778000
全事故,倉吉市河北町,2013/11/27,軽乗用×軽乗用,軽傷事故,倉吉署,車両相互,133.84390080000,35.46667583000
全事故,鳥取市片原３丁目,2013/12/17,普通乗用×自転車,軽傷事故,鳥取署,車両相互,134.23093610000,35.50359444000
全事故,米子市道笑町四丁目,2013/12/24,普通乗用×軽乗用×普通乗用,軽傷事故,米子署,車両相互,133.34802500000,35.42518611000
全事故,西伯郡大山町豊成,2013/12/28,大型貨物×軽乗用,軽傷事故,高速隊,車両相互,133.53889690000,35.50724389000
全事故,米子市兼久,2013/12/30,軽乗用×軽乗用,軽傷事故,米子署,車両相互,133.36310000000,35.40875833000
全事故,鳥取市河原町長瀬,2014/01/04,普通乗用×軽乗用,重傷事故,智頭署,車両相互,134.20057830000,35.41222444000
全事故,鳥取市湖山町東２丁目,2014/01/08,普通乗用×歩行者,軽傷事故,鳥取署,人対車両,134.18487500000,35.51671667000
全事故,西伯郡大山町御来屋,2014/01/12,軽乗用×軽乗用,軽傷事故,八橋署,車両相互,133.49793610000,35.51195833000
全事故,鳥取市河原町片山,2014/01/15,軽乗用×軽貨物,軽傷事故,智頭署,車両相互,135.20030220000,35.40722694000
全事故,東伯郡北栄町北尾,2014/01/15,軽貨物×普通乗用,軽傷事故,倉吉署,車両相互,133.81768890000,35.47811389000
全事故,米子市尾高,2014/01/15,普通乗用×軽乗用,軽傷事故,米子署,車両相互,133.41259170000,35.41560833000
全事故,鳥取市叶,2014/01/16,普通乗用×普通乗用,軽傷事故,鳥取署,車両相互,134.21692780000,35.47438056000
全事故,境港市誠道町,2014/01/21,中型貨物×歩行者,軽傷事故,境港署,人対車両,133.23750140000,35.51278083000
全事故,鳥取市大覚寺,2014/01/25,大型貨物×普通乗用,重傷事故,鳥取署,車両相互,134.22822780000,35.48049722000
全事故,日野郡江府町大字小江尾,2014/01/25,普通乗用×軽乗用,軽傷事故,黒坂署,車両相互,133.48211390000,35.28993889000
全事故,倉吉市八屋,2014/01/26,普通乗用×自転車,軽傷事故,倉吉署,車両相互,133.84761940000,35.43937500000
全事故,米子市皆生五丁目,2014/01/26,軽乗用×軽貨物,軽傷事故,米子署,車両相互,133.35738890000,35.45148889000
全事故,倉吉市越中町,2014/01/27,軽乗用×軽乗用,軽傷事故,倉吉署,車両相互,133.81297780000,35.43338333000
全事故,倉吉市住吉町,2014/01/27,普通乗用×歩行者,軽傷事故,倉吉署,人対車両,133.83034440000,35.43087500000
全事故,鳥取市福部町海士,2014/01/28,普通乗用×軽乗用×軽乗用,軽傷事故,鳥取署,車両相互,134.27282500000,35.54725278000
全事故,鳥取市里仁,2014/01/28,普通乗用×自転車,重傷事故,鳥取署,車両相互,134.18945000000,35.50588611000
全事故,鳥取市福井,2014/01/29,普通乗用×軽乗用,軽傷事故,鳥取署,車両相互,134.12835560000,35.50648056000
全事故,西伯郡伯耆町宇代,2014/01/29,軽乗用×軽乗用,軽傷事故,黒坂署,車両相互,133.43368610000,35.34056944000
全事故,米子市東福原二丁目,2014/01/31,軽乗用×歩行者,軽傷事故,米子署,人対車両,133.34499720000,35.43703056000
全事故,八頭郡八頭町徳丸,2014/02/01,普通貨物×軽貨物,軽傷事故,郡家署,車両相互,134.31942780000,35.36655278000
全事故,鳥取市用瀬町用瀬,2014/02/01,軽乗用×普通乗用,軽傷事故,智頭署,車両相互,134.20774720000,35.34149444000
全事故,米子市夜見町,2014/02/02,普通乗用×物件等,死亡事故,米子署,車両単独,133.30782500000,35.46783333000
全事故,米子市富益町,2014/02/02,普通乗用×軽乗用,軽傷事故,米子署,車両相互,133.27865000000,35.47141111000
全事故,鳥取市田園町３丁目,2014/02/03,普通乗用×軽乗用,軽傷事故,鳥取署,車両相互,134.22580000000,35.51363611000
全事故,倉吉市河来見,2014/02/03,軽貨物×歩行者,重傷事故,倉吉署,人対車両,133.69375280000,35.41774722000
全事故,米子市彦名町,2014/02/03,軽貨物×軽乗用,軽傷事故,米子署,車両相互,133.29388610000,35.45389167000
全事故,米子市西福原八丁目,2014/02/03,軽乗用×軽乗用×普通乗用,軽傷事故,米子署,車両相互,133.34020000000,35.45549722000
全事故,鳥取市末広温泉町,2014/02/04,普通乗用×歩行者,軽傷事故,鳥取署,人対車両,134.23204720000,35.49451389000
全事故,東伯郡北栄町由良宿,2014/02/06,軽貨物×普通乗用,軽傷事故,倉吉署,車両相互,133.74977220000,35.48889722000
全事故,米子市上福原,2014/02/06,普通乗用×軽乗用,軽傷事故,米子署,車両相互,133.36657220000,35.44166667000
全事故,米子市淀江町佐陀,2014/02/06,軽乗用×普通乗用,軽傷事故,米子署,車両相互,133.40327780000,35.44806944000
全事故,八頭郡八頭町北山,2014/02/08,軽貨物×歩行者,重傷事故,郡家署,人対車両,134.35614720000,35.36151667000
全事故,境港市渡町,2014/02/08,軽乗用×自転車,重傷事故,境港署,車両相互,133.21476110000,35.51901667000
全事故,米子市糀町二丁目,2014/02/09,軽乗用×軽乗用,軽傷事故,米子署,車両相互,133.33861940000,35.42906944000
全事故,鳥取市南吉方３丁目,2014/02/10,軽乗用×軽乗用,軽傷事故,鳥取署,車両相互,134.23924720000,35.48734167000
全事故,鳥取市徳尾,2014/02/10,軽乗用×普通貨物,軽傷事故,鳥取署,車両相互,134.20222780000,35.49783333000
全事故,鳥取市国府町分上２丁目,2014/02/10,普通乗用×軽乗用,軽傷事故,鳥取署,車両相互,134.26084720000,35.48304167000
全事故,岩美郡岩美町大字大谷,2014/02/11,原付×中型貨物,軽傷事故,鳥取署,車両相互,134.29141390000,35.57832222000
全事故,米子市両三柳,2014/02/12,軽乗用×普通乗用,軽傷事故,米子署,車両相互,133.33380000000,35.45731944000
全事故,米子市明治町,2014/02/13,普通乗用×普通乗用,軽傷事故,米子署,車両相互,133.33576670000,35.42409722000
全事故,米子市日原,2014/02/13,軽乗用×普通乗用×軽乗用,軽傷事故,米子署,車両相互,133.35845280000,35.41081389000
全事故,鳥取市千代水２丁目,2014/02/14,普通乗用×自転車,軽傷事故,鳥取署,車両相互,134.16854720000,35.51670556000
全事故,鳥取市気高町浜村,2014/02/14,普通貨物×軽貨物,軽傷事故,浜村署,車両相互,134.05529530000,35.51806750000
全事故,倉吉市八屋,2014/02/14,軽貨物×歩行者,重傷事故,倉吉署,人対車両,133.84933610000,35.44446667000
全事故,倉吉市八屋,2014/02/14,普通乗用×軽乗用,軽傷事故,倉吉署,車両相互,133.84890000000,35.44184444000
全事故,米子市福市,2014/02/14,普通乗用×歩行者×普通乗用×普通乗用,死亡事故,米子署,人対車両,133.36533330000,35.40638056000
全事故,米子市富益町,2014/02/14,普通乗用×自転車,軽傷事故,米子署,車両相互,133.28777500000,35.47198056000
全事故,日野郡江府町大字助沢,2014/02/15,普通乗用×中型乗用,軽傷事故,高速隊,車両相互,133.53501030000,35.28806722000
全事故,米子市上福原五丁目,2014/02/15,軽乗用×普通乗用,軽傷事故,米子署,車両相互,133.35332500000,35.44808611000
全事故,米子市上福原五丁目,2014/02/15,普通乗用×普通乗用,軽傷事故,米子署,車両相互,133.35344170000,35.44825000000
全事故,米子市皆生五丁目,2014/02/15,普通乗用×軽乗用×軽乗用,軽傷事故,米子署,車両相互,133.35989440000,35.45079444000
全事故,境港市竹内町,2014/02/15,普通乗用×軽乗用,軽傷事故,境港署,車両相互,133.24251830000,35.51862250000
全事故,鳥取市湖山町東３丁目,2014/02/16,大型貨物×歩行者×中型貨物,死亡事故,鳥取署,人対車両,134.18999720000,35.52117778000
全事故,鳥取市栄町,2014/02/16,普通乗用×普通乗用,軽傷事故,鳥取署,車両相互,134.22705830000,35.49487500000
全事故,鳥取市白兎,2014/02/16,軽乗用×軽乗用,軽傷事故,鳥取署,車両相互,134.11516110000,35.52561389000
全事故,鳥取市河原町布袋,2014/02/17,軽乗用×軽乗用,軽傷事故,智頭署,車両相互,134.20611330000,35.42224722000
全事故,鳥取市服部,2014/02/18,普通乗用×軽乗用,軽傷事故,鳥取署,車両相互,134.20724440000,35.47971944000
全事故,境港市外江町,2014/02/18,軽乗用×普通乗用,軽傷事故,境港署,車両相互,133.21227780000,35.52524167000
全事故,境港市中野町,2014/02/18,普通乗用×普通乗用,軽傷事故,境港署,車両相互,133.24397220000,35.53327222000
全事故,鳥取市国府町中郷,2014/02/19,軽乗用×軽貨物,軽傷事故,鳥取署,車両相互,134.26821390000,35.47149444000
全事故,鳥取市行徳１丁目,2014/02/20,軽乗用×歩行者,軽傷事故,鳥取署,人対車両,134.22318890000,35.49738333000
全事故,東伯郡湯梨浜町大字野花,2014/02/20,軽乗用×駆動補助付自転車,軽傷事故,倉吉署,車両相互,133.89054720000,35.46418889000
全事故,西伯郡南部町倭,2014/02/20,軽乗用×軽貨物,軽傷事故,米子署,車両相互,133.32630830000,35.34826667000
全事故,岩美郡岩美町大字大谷,2014/02/21,軽貨物×普通乗用,軽傷事故,鳥取署,車両相互,134.29349720000,35.56658889000
全事故,八頭郡智頭町大字智頭,2014/02/21,軽乗用×普通乗用,軽傷事故,智頭署,車両相互,134.22735560000,35.27012500000
全事故,倉吉市山根,2014/02/21,対象外当事者×軽乗用,軽傷事故,倉吉署,車両相互,133.84917970000,35.44835056000
全事故,米子市旗ヶ崎三丁目,2014/02/21,普通乗用×歩行者,軽傷事故,米子署,人対車両,133.31518890000,35.43976667000
全事故,鳥取市立川町６丁目,2014/02/25,軽乗用×歩行者,重傷事故,鳥取署,人対車両,134.25020560000,35.48856944000
全事故,鳥取市小沢見,2014/02/25,大型貨物×軽乗用,重傷事故,鳥取署,車両相互,134.10645560000,35.52171944000
死亡事故,米子市夜見町,2014/02/02,普通乗用×物件等,死亡事故,米子署,車両単独,133.30782500000,35.46783333000
死亡事故,米子市福市,2014/02/14,普通乗用×歩行者×普通乗用×普通乗用,死亡事故,米子署,人対車両,133.36533330000,35.40638056000
死亡事故,鳥取市湖山町東３丁目,2014/02/16,大型貨物×歩行者×中型貨物,死亡事故,鳥取署,人対車両,134.18999720000,35.52117778000
自転車事故,倉吉市八屋,2014/01/26,普通乗用×自転車,軽傷事故,倉吉署,車両相互,133.84761940000,35.43937500000
自転車事故,鳥取市片原３丁目,2013/12/17,普通乗用×自転車,軽傷事故,鳥取署,車両相互,134.23093610000,35.50359444000
自転車事故,境港市渡町,2014/02/08,軽乗用×自転車,重傷事故,境港署,車両相互,133.21476110000,35.51901667000
自転車事故,米子市富益町,2014/02/14,普通乗用×自転車,軽傷事故,米子署,車両相互,133.28777500000,35.47198056000
自転車事故,鳥取市千代水２丁目,2014/02/14,普通乗用×自転車,軽傷事故,鳥取署,車両相互,134.16854720000,35.51670556000
自転車事故,鳥取市里仁,2014/01/28,普通乗用×自転車,重傷事故,鳥取署,車両相互,134.18945000000,35.50588611000
歩行者事故,米子市東福原二丁目,2014/01/31,軽乗用×歩行者,軽傷事故,米子署,人対車両,133.34499720000,35.43703056000
歩行者事故,倉吉市河来見,2014/02/03,軽貨物×歩行者,重傷事故,倉吉署,人対車両,133.69375280000,35.41774722000
歩行者事故,八頭郡八頭町北山,2014/02/08,軽貨物×歩行者,重傷事故,郡家署,人対車両,134.35614720000,35.36151667000
歩行者事故,鳥取市湖山町東２丁目,2014/01/08,普通乗用×歩行者,軽傷事故,鳥取署,人対車両,134.18487500000,35.51671667000
歩行者事故,米子市福市,2014/02/14,普通乗用×歩行者×普通乗用×普通乗用,死亡事故,米子署,人対車両,133.36533330000,35.40638056000
歩行者事故,鳥取市湖山町東３丁目,2014/02/16,大型貨物×歩行者×中型貨物,死亡事故,鳥取署,人対車両,134.18999720000,35.52117778000
歩行者事故,倉吉市八屋,2014/02/14,軽貨物×歩行者,重傷事故,倉吉署,人対車両,133.84933610000,35.44446667000
歩行者事故,鳥取市末広温泉町,2014/02/04,普通乗用×歩行者,軽傷事故,鳥取署,人対車両,134.23204720000,35.49451389000
歩行者事故,境港市誠道町,2014/01/21,中型貨物×歩行者,軽傷事故,境港署,人対車両,133.23750140000,35.51278083000
歩行者事故,米子市旗ヶ崎三丁目,2014/02/21,普通乗用×歩行者,軽傷事故,米子署,人対車両,133.31518890000,35.43976667000
歩行者事故,倉吉市住吉町,2014/01/27,普通乗用×歩行者,軽傷事故,倉吉署,人対車両,133.83034440000,35.43087500000
歩行者事故,鳥取市行徳１丁目,2014/02/20,軽乗用×歩行者,軽傷事故,鳥取署,人対車両,134.22318890000,35.49738333000
歩行者事故,鳥取市立川町６丁目,2014/02/25,軽乗用×歩行者,重傷事故,鳥取署,人対車両,134.25020560000,35.48856944000
全事故,岩美郡岩美町大字大谷,2014/01/14,軽貨物×普通乗用,軽傷事故,鳥取署,車両相互,134.29175830000,35.56698889000
全事故,岩美郡岩美町大字大谷,2014/01/14,軽乗用×普通乗用,軽傷事故,鳥取署,車両相互,134.29175830000,35.56698889000
全事故,境港市外江町,2014/02/27,軽貨物×歩行者等,軽傷事故,境港署,人対車両,133.21055670000,35.52890361000
全事故,境港市財ノ木町,2014/03/22,普通乗用×軽乗用,軽傷事故,境港署,車両相互,133.25541110000,35.50681667000
全事故,境港市昭和町,2014/03/05,普通乗用×軽乗用,軽傷事故,境港署,車両相互,133.24446060000,35.54889333000
全事故,境港市竹内団地,2014/02/18,軽乗用×原付,重傷事故,境港署,車両相互,133.25075560000,35.52005833000
全事故,境港市明治町,2014/03/14,軽乗用×歩行者等,重傷事故,境港署,人対車両,133.22557360000,35.54335278000
全事故,境港市夕日ヶ丘一丁目,2014/01/18,普通貨物×歩行者等,重傷事故,境港署,人対車両,133.22568330000,35.50398889000
全事故,西伯郡日吉津村大字富吉,2014/01/14,普通乗用×普通乗用,軽傷事故,米子署,車両相互,133.37350280000,35.44748333000
全事故,西伯郡日吉津村日吉津,2014/02/20,軽乗用×軽乗用,軽傷事故,米子署,車両相互,133.38488330000,35.44495278000
全事故,倉吉市昭和町,2014/03/05,普通乗用×軽貨物,重傷事故,倉吉署,車両相互,133.83655000000,35.43494167000
全事故,倉吉市明治町２丁目,2014/03/13,普通乗用×軽乗用,軽傷事故,倉吉署,車両相互,133.82470000000,35.43485278000
全事故,鳥取市栄町,2014/03/15,自転車×歩行者等,重傷事故,鳥取署,人対車両,134.22764720000,35.49628333000
全事故,鳥取市河原町佐貫,2014/02/24,大型貨物×普通乗用,軽傷事故,高速隊,車両相互,134.20417500000,35.37528528000
全事故,鳥取市賀露町南４丁目,2014/02/17,普通乗用×歩行者等,重傷事故,鳥取署,人対車両,134.18797500000,35.52882778000
全事故,鳥取市覚寺,2014/03/19,普通乗用×歩行者等,重傷事故,鳥取署,人対車両,134.22781110000,35.52191111000
全事故,鳥取市気高町奥沢見,2014/03/23,普通貨物×普通乗用,軽傷事故,浜村署,車両相互,134.10029170000,35.52161389000
全事故,鳥取市気高町浜村,2014/02/08,軽貨物×普通乗用,軽傷事故,浜村署,車両相互,134.05792220000,35.51871667000
全事故,鳥取市気高町宝木,2014/02/24,普通貨物×普通乗用,軽傷事故,浜村署,車両相互,134.07366110000,35.51631111000
全事故,鳥取市気高町宝木,2014/03/20,普通乗用×軽乗用,軽傷事故,浜村署,車両相互,134.07279170000,35.51611194000
全事故,鳥取市吉方町１丁目,2014/03/06,普通乗用×軽乗用,軽傷事故,鳥取署,車両相互,134.23877780000,35.49536111000
全事故,鳥取市古海,2014/03/01,普通乗用×歩行者等,軽傷事故,鳥取署,人対車両,134.20390000000,35.49218333000
全事故,鳥取市湖山町西１丁目,2014/02/27,軽乗用×普通乗用,軽傷事故,鳥取署,車両相互,134.17039170000,35.51962222000
全事故,鳥取市湖山町西４丁目,2014/02/25,普通乗用×普通乗用,軽傷事故,鳥取署,車両相互,134.16758060000,35.52561389000
全事故,鳥取市湖山町東３丁目,2014/02/17,軽貨物×自転車,軽傷事故,鳥取署,車両相互,134.18796390000,35.52203333000
全事故,鳥取市湖山町東４丁目,2014/02/12,普通乗用×歩行者等,軽傷事故,鳥取署,人対車両,134.19187220000,35.51464167000
全事故,鳥取市湖山町東５丁目,2013/12/01,軽乗用×軽乗用,軽傷事故,鳥取署,車両相互,134.19266110000,35.51442222000
全事故,鳥取市湖山町北１丁目,2014/01/28,普通乗用×自転車,重傷事故,鳥取署,車両相互,134.18158610000,35.51829444000
全事故,鳥取市湖山町北１丁目,2014/03/10,軽乗用×軽乗用×普通貨物,軽傷事故,鳥取署,車両相互,134.18184720000,35.51876944000
全事故,鳥取市五反田町,2014/02/19,軽乗用×軽貨物,軽傷事故,鳥取署,車両相互,134.20159440000,35.50951667000
全事故,鳥取市御弓町,2014/03/10,普通乗用×軽乗用,軽傷事故,鳥取署,車両相互,134.23866110000,35.49672500000
全事故,鳥取市江津,2014/03/14,普通貨物×普通乗用,軽傷事故,鳥取署,車両相互,134.21334440000,35.52238333000
全事故,鳥取市今町２丁目,2014/03/09,普通乗用×普通乗用,軽傷事故,鳥取署,車両相互,134.22333060000,35.49547222000
全事故,鳥取市佐治町高山,2014/03/25,軽乗用×歩行者等,死亡事故,智頭署,人対車両,134.12057470000,35.33223389000
全事故,鳥取市鹿野町乙亥正,2014/02/11,普通乗用×自転車,重傷事故,浜村署,車両相互,134.05223500000,35.49946694000
全事故,鳥取市松並町２丁目,2014/03/12,軽貨物×原付,軽傷事故,鳥取署,車両相互,134.21923060000,35.51539167000
全事故,鳥取市新,2014/01/27,軽貨物×普通乗用,軽傷事故,鳥取署,車両相互,134.48023330000,35.48023333000
全事故,鳥取市杉崎,2014/01/28,軽乗用×軽乗用,軽傷事故,鳥取署,車両相互,134.24883060000,35.46386111000
全事故,鳥取市千代水１丁目,2014/02/13,普通貨物×歩行者等,軽傷事故,鳥取署,人対車両,134.20395280000,35.51554444000
全事故,鳥取市千代水３丁目,2014/02/23,普通乗用×普通乗用,軽傷事故,鳥取署,車両相互,134.20214720000,35.51767500000
全事故,鳥取市千代水３丁目,2014/03/20,軽乗用×普通乗用,軽傷事故,鳥取署,車両相互,134.20220000000,35.51763333000
全事故,鳥取市千代水３丁目,2014/03/04,軽乗用×軽乗用,軽傷事故,鳥取署,車両相互,134.19213330000,35.51745000000
全事故,鳥取市扇町,2014/03/09,普通乗用×軽乗用,軽傷事故,鳥取署,車両相互,134.22413330000,35.49136111000
全事故,鳥取市扇町,2014/03/12,軽貨物×軽貨物,軽傷事故,鳥取署,車両相互,134.22708330000,35.48803333000
全事故,鳥取市天神町,2014/03/14,軽貨物×歩行者等,軽傷事故,鳥取署,人対車両,134.22275280000,35.49163333000
全事故,鳥取市天神町,2014/02/17,普通乗用×普通乗用,軽傷事故,鳥取署,車両相互,134.22116110000,35.49239444000
全事故,鳥取市嶋,2014/03/12,普通乗用×軽貨物,軽傷事故,高速隊,車両相互,134.19056310000,35.49291389000
全事故,鳥取市徳尾,2014/03/16,普通乗用×軽貨物,軽傷事故,鳥取署,車両相互,134.20173890000,35.49876111000
全事故,鳥取市南吉方２丁目,2014/03/17,軽貨物×普通乗用,軽傷事故,鳥取署,車両相互,134.23284440000,35.48720000000
全事故,鳥取市南隈,2014/02/01,軽貨物×普通乗用×普通乗用×大型貨物×中型貨物,軽傷事故,鳥取署,車両相互,134.20132220000,35.51948611000
全事故,鳥取市浜坂２丁目,2014/02/18,普通乗用×普通乗用,軽傷事故,鳥取署,車両相互,134.21111670000,35.52941389000
全事故,鳥取市福部町湯山,2014/02/27,軽貨物×歩行者等,軽傷事故,鳥取署,人対車両,134.23866390000,35.54138611000
全事故,東伯郡湯梨浜町大字引地,2014/03/24,軽貨物×列車×歩行者等,重傷事故,倉吉署,列車,133.89784440000,35.46581944000
全事故,東伯郡北栄町妻波,2014/03/07,軽貨物×軽乗用,重傷事故,倉吉署,車両相互,133.74799170000,35.49878056000
全事故,東伯郡北栄町妻波,2013/12/16,軽乗用×歩行者等,重傷事故,倉吉署,人対車両,133.74653890000,35.49887500000
全事故,日野郡日南町神福,2014/03/06,普通貨物×相手なし,重傷事故,黒坂署,車両単独,133.30607220000,35.11042222000
全事故,八頭郡八頭町郡家,2014/03/04,軽貨物×普通乗用,重傷事故,郡家署,車両相互,134.25207220000,35.40851667000
全事故,八頭郡八頭町郡家,2014/03/17,普通乗用×軽貨物,軽傷事故,郡家署,車両相互,134.25028920000,35.40973944000
全事故,米子市愛宕町,2014/03/10,普通乗用×軽乗用,軽傷事故,米子署,車両相互,133.32990560000,35.42254167000
全事故,米子市陰田町,2014/03/10,普通貨物×軽乗用,軽傷事故,高速隊,車両相互,133.32250110000,35.40724444000
全事故,米子市皆生温泉三丁目,2014/02/26,普通乗用×普通乗用,軽傷事故,米子署,車両相互,133.36161940000,35.45783056000
全事故,米子市角盤町四丁目,2014/02/23,軽乗用×普通貨物,軽傷事故,米子署,車両相互,133.32849170000,35.43742778000
全事故,米子市旗ヶ崎一丁目,2014/03/11,軽乗用×自転車,軽傷事故,米子署,車両相互,133.31862440000,35.43739167000
全事故,米子市錦町三丁目,2014/03/13,軽乗用×歩行者等,軽傷事故,米子署,人対車両,133.32655280000,35.43925278000
全事故,米子市熊党,2014/03/01,軽乗用×自転車,軽傷事故,米子署,車両相互,133.37421670000,35.42899167000
全事故,米子市宗像,2014/03/10,軽乗用×物件等,重傷事故,高速隊,車両単独,133.35111970000,35.41585389000
全事故,米子市昭和町,2014/02/12,普通乗用×軽乗用,軽傷事故,米子署,車両相互,133.34264440000,35.42624722000
全事故,米子市上後藤七丁目,2014/02/18,軽乗用×普通乗用,軽傷事故,米子署,車両相互,133.31408890000,35.44929444000
全事故,米子市上後藤二丁目,2014/02/12,軽乗用×普通乗用,軽傷事故,米子署,車両相互,133.32141670000,35.44484722000
全事故,米子市新開二丁目,2014/03/22,普通乗用×軽乗用,軽傷事故,米子署,車両相互,133.34733890000,35.45386111000
全事故,米子市西福原八丁目,2014/02/22,普通乗用×軽乗用,軽傷事故,米子署,車両相互,133.34026110000,35.45545278000
全事故,米子市西福原六丁目,2014/03/15,普通乗用×物件等×歩行者等,重傷事故,米子署,車両単独,133.34077220000,35.44848889000
全事故,米子市大崎,2014/03/11,中型貨物×軽乗用,軽傷事故,米子署,車両相互,133.25339170000,35.47538889000
全事故,米子市中町,2014/02/28,普通乗用×自転車,軽傷事故,米子署,車両相互,133.33186940000,35.42885833000
全事故,米子市東八幡,2014/03/01,普通乗用×普通乗用,軽傷事故,米子署,車両相互,133.38909440000,35.40345556000
全事故,米子市東福原六丁目,2014/03/08,普通乗用×普通乗用,軽傷事故,米子署,車両相互,133.34791110000,35.44609444000
全事故,米子市二本木,2014/03/16,普通乗用×普通乗用,軽傷事故,米子署,車両相互,133.38900560000,35.44286111000
全事故,米子市日の出町一丁目,2014/03/17,軽乗用×軽乗用,軽傷事故,米子署,車両相互,133.33799720000,35.43659167000
全事故,米子市尾高,2014/03/23,普通乗用×軽貨物,軽傷事故,米子署,車両相互,133.40582220000,35.42556111000
全事故,米子市夜見町,2014/03/13,軽乗用×自転車,重傷事故,米子署,車両相互,133.28962500000,35.46428056000
全事故,米子市両三柳,2014/03/01,自転車×軽乗用,重傷事故,米子署,車両相互,133.32143060000,35.44880556000
全事故,米子市両三柳,2014/03/07,軽乗用×軽乗用,軽傷事故,米子署,車両相互,133.32521110000,35.44781944000
全事故,鳥取市気高町下原,2014/02/26,軽乗用×原付,重傷事故,浜村署,車両相互,134.03945110000,35.50973667000
死亡事故,鳥取市佐治町高山,2014/03/25,軽乗用×歩行者等,死亡事故,智頭署,人対車両,134.12057470000,35.33223389000
自転車事故,鳥取市栄町,2014/03/15,自転車×歩行者等,重傷事故,鳥取署,人対車両,134.22764720000,35.49628333000
自転車事故,鳥取市湖山町東３丁目,2014/02/17,軽貨物×自転車,軽傷事故,鳥取署,車両相互,134.18796390000,35.52203333000
自転車事故,鳥取市湖山町北１丁目,2014/01/28,普通乗用×自転車,重傷事故,鳥取署,車両相互,134.18158610000,35.51829444000
自転車事故,鳥取市鹿野町乙亥正,2014/02/11,普通乗用×自転車,重傷事故,浜村署,車両相互,134.05223500000,35.49946694000
自転車事故,米子市旗ヶ崎一丁目,2014/03/11,軽乗用×自転車,軽傷事故,米子署,車両相互,133.31862440000,35.43739167000
自転車事故,米子市熊党,2014/03/01,軽乗用×自転車,軽傷事故,米子署,車両相互,133.37421670000,35.42899167000
自転車事故,米子市中町,2014/02/28,普通乗用×自転車,軽傷事故,米子署,車両相互,133.33186940000,35.42885833000
自転車事故,米子市夜見町,2014/03/13,軽乗用×自転車,重傷事故,米子署,車両相互,133.28962500000,35.46428056000
自転車事故,米子市両三柳,2014/03/01,自転車×軽乗用,重傷事故,米子署,車両相互,133.32143060000,35.44880556000
歩行者事故,境港市外江町,2014/02/27,軽貨物×歩行者等,軽傷事故,境港署,人対車両,133.21055670000,35.52890361000
歩行者事故,境港市明治町,2014/03/14,軽乗用×歩行者等,重傷事故,境港署,人対車両,133.22557360000,35.54335278000
歩行者事故,境港市夕日ヶ丘一丁目,2014/01/18,普通貨物×歩行者等,重傷事故,境港署,人対車両,133.22568330000,35.50398889000
歩行者事故,鳥取市栄町,2014/03/15,自転車×歩行者等,重傷事故,鳥取署,人対車両,134.22764720000,35.49628333000
歩行者事故,鳥取市賀露町南４丁目,2014/02/17,普通乗用×歩行者等,重傷事故,鳥取署,人対車両,134.18797500000,35.52882778000
歩行者事故,鳥取市覚寺,2014/03/19,普通乗用×歩行者等,重傷事故,鳥取署,人対車両,134.22781110000,35.52191111000
歩行者事故,鳥取市古海,2014/03/01,普通乗用×歩行者等,軽傷事故,鳥取署,人対車両,134.20390000000,35.49218333000
歩行者事故,鳥取市湖山町東４丁目,2014/02/12,普通乗用×歩行者等,軽傷事故,鳥取署,人対車両,134.19187220000,35.51464167000
歩行者事故,鳥取市佐治町高山,2014/03/25,軽乗用×歩行者等,死亡事故,智頭署,人対車両,134.12057470000,35.33223389000
歩行者事故,鳥取市千代水１丁目,2014/02/13,普通貨物×歩行者等,軽傷事故,鳥取署,人対車両,134.20395280000,35.51554444000
歩行者事故,鳥取市天神町,2014/03/14,軽貨物×歩行者等,軽傷事故,鳥取署,人対車両,134.22275280000,35.49163333000
歩行者事故,鳥取市福部町湯山,2014/02/27,軽貨物×歩行者等,軽傷事故,鳥取署,人対車両,134.23866390000,35.54138611000
歩行者事故,東伯郡湯梨浜町大字引地,2014/03/24,軽貨物×列車×歩行者等,重傷事故,倉吉署,列車,133.89784440000,35.46581944000
歩行者事故,東伯郡北栄町妻波,2013/12/16,軽乗用×歩行者等,重傷事故,倉吉署,人対車両,133.74653890000,35.49887500000
歩行者事故,米子市錦町三丁目,2014/03/13,軽乗用×歩行者等,軽傷事故,米子署,人対車両,133.32655280000,35.43925278000
歩行者事故,米子市西福原六丁目,2014/03/15,普通乗用×物件等×歩行者等,重傷事故,米子署,車両単独,133.34077220000,35.44848889000
全事故,鳥取市河原町谷一木,2013/12/14,軽貨物×物件等,重傷事故,智頭署,車両単独,134.20056690000,35.40500861000
全事故,西伯郡大山町田中,2013/12/19,中型貨物×軽乗用,重傷事故,八橋署,車両相互,133.59975000000,35.52154444000
全事故,米子市冨士見町一丁目,2014/01/07,普通乗用×軽乗用,重傷事故,米子署,車両相互,133.33707780000,35.43060000000
全事故,鳥取市湖山町北４丁目,2014/01/29,普通乗用×軽乗用,軽傷事故,鳥取署,車両相互,134.17464170000,35.52337500000
全事故,境港市三軒屋町,2014/02/05,軽乗用×普通乗用,重傷事故,境港署,車両相互,133.22833330000,35.50688333000
全事故,米子市角盤町二丁目,2014/02/10,普通乗用×歩行者,軽傷事故,米子署,人対車両,133.33204440000,35.43312778000
全事故,鳥取市湯所町２丁目,2014/02/12,普通乗用×軽貨物,軽傷事故,鳥取署,車両相互,134.23236390000,35.50978333000
全事故,倉吉市昭和町２丁目,2014/03/03,軽乗用×普通乗用,軽傷事故,倉吉署,車両相互,133.83760280000,35.43570000000
全事故,鳥取市秋里,2014/03/04,軽貨物×普通乗用,軽傷事故,鳥取署,車両相互,134.20800560000,35.51975556000
全事故,鳥取市湖山町東４丁目,2014/03/06,軽乗用×軽乗用×普通乗用,軽傷事故,鳥取署,車両相互,134.19123330000,35.51463056000
全事故,鳥取市安長,2014/03/10,普通乗用×軽乗用,軽傷事故,鳥取署,車両相互,134.21426670000,35.51316111000
全事故,鳥取市正蓮寺,2014/03/11,普通乗用×自転車,軽傷事故,鳥取署,車両相互,134.24279720000,35.47416389000
全事故,東伯郡北栄町江北,2014/03/11,軽貨物×軽貨物,重傷事故,倉吉署,車両相互,133.83305000000,35.48236389000
全事故,鳥取市用瀬町美成,2014/03/13,軽乗用×自転車,重傷事故,智頭署,車両相互,134.20111920000,35.35252333000
全事故,米子市安倍,2014/03/16,普通乗用×自転車,軽傷事故,米子署,車両相互,133.30698060000,35.44531667000
全事故,鳥取市立川町五丁目,2014/03/17,軽乗用×歩行者,軽傷事故,鳥取署,人対車両,134.24796390000,35.48519722000
全事故,鳥取市瓦町,2014/03/17,普通乗用×自転車,軽傷事故,鳥取署,車両相互,134.22724440000,35.49888917000
全事故,鳥取市松並町二丁目,2014/03/18,軽乗用×原付,重傷事故,鳥取署,車両相互,134.21943610000,35.51546389000
全事故,鳥取市湖山町北１丁目,2014/03/18,普通乗用×自転車,軽傷事故,鳥取署,車両相互,134.18077220000,35.51837222000
全事故,米子市西福原四丁目,2014/03/18,普通乗用×軽乗用,軽傷事故,米子署,車両相互,133.33728330000,35.43942778000
全事故,鳥取市安長,2014/03/19,普通乗用×軽乗用,軽傷事故,鳥取署,車両相互,134.20458890000,35.51313056000
全事故,鳥取市興南町,2014/03/20,軽乗用×普通乗用,軽傷事故,鳥取署,車両相互,134.22980280000,35.48891389000
全事故,八頭郡若桜町大字若桜,2014/03/20,軽乗用×歩行者,軽傷事故,郡家署,人対車両,134.39718060000,35.34772500000
全事故,米子市福市,2014/03/20,軽乗用×普通乗用,軽傷事故,米子署,車両相互,133.37505830000,35.39940278000
全事故,鳥取市気高町浜村,2014/03/21,軽乗用×普通乗用,軽傷事故,浜村署,車両相互,134.05847220000,35.51883611000
全事故,鳥取市河原町布袋,2014/03/22,軽貨物×軽乗用,軽傷事故,高速隊,車両相互,134.20554170000,35.43135278000
全事故,鳥取市河原町片山,2014/03/22,軽貨物×普通貨物,重傷事故,智頭署,車両相互,134.20575280000,35.41698611000
全事故,東伯郡湯梨浜町はわい長瀬,2014/03/23,軽乗用×普通乗用,軽傷事故,倉吉署,車両相互,133.86805000000,35.49614722000
全事故,米子市陰田町,2014/03/24,普通乗用×軽乗用,軽傷事故,米子署,車両相互,133.33123890000,35.41258889000
全事故,米子市米原三丁目,2014/03/24,普通乗用×普通乗用,軽傷事故,米子署,車両相互,133.33469440000,35.43984444000
全事故,鳥取市南栄町,2014/03/25,普通乗用×自動二輪,軽傷事故,鳥取署,車両相互,134.24297780000,35.45792222000
全事故,鳥取市吉方温泉４丁目,2014/03/25,軽貨物×普通乗用,軽傷事故,鳥取署,車両相互,134.24000560000,35.48728611000
全事故,鳥取市立川町６丁目,2014/03/25,軽貨物×自転車,重傷事故,鳥取署,車両相互,134.24778890000,35.48535000000
全事故,鳥取市富安１丁目,2014/03/26,軽乗用×自転車,軽傷事故,鳥取署,車両相互,134.22250940000,35.49000194000
全事故,西伯郡大山町所子,2014/03/26,軽乗用×歩行者,重傷事故,八橋署,人対車両,133.46161670000,35.48127778000
全事故,境港市元町,2014/03/26,普通乗用×物件等×道路外の人,重傷事故,境港署,車両単独,133.23526670000,35.54259722000
全事故,鳥取市賀露町,2014/03/27,軽乗用×軽乗用,軽傷事故,鳥取署,車両相互,134.18808000000,35.52223389000
全事故,鳥取市湖山町東１丁目,2014/03/27,軽乗用×普通乗用,軽傷事故,鳥取署,車両相互,134.18620000000,35.51562778000
全事故,八頭郡智頭町大字三吉,2014/03/27,普通貨物×普通乗用,軽傷事故,智頭署,車両相互,134.22634170000,35.22499167000
全事故,西伯郡日吉津村大字日吉津,2014/03/27,軽乗用×軽貨物,軽傷事故,米子署,車両相互,133.38185280000,35.44215000000
全事故,倉吉市八屋,2014/03/28,軽貨物×軽乗用,軽傷事故,倉吉署,車両相互,133.84702220000,35.44087500000
全事故,鳥取市卯垣,2014/03/29,軽乗用×軽乗用,軽傷事故,鳥取署,車両相互,134.25313890000,35.48740278000
全事故,倉吉市八屋,2014/03/29,普通乗用×自転車,重傷事故,倉吉署,車両相互,133.84699440000,35.44116111000
全事故,鳥取市吉成,2014/03/30,普通乗用×普通乗用,軽傷事故,鳥取署,車両相互,134.21890500000,35.48112917000
全事故,米子市夜見町,2014/03/30,軽貨物×普通乗用,軽傷事故,米子署,車両相互,133.30002500000,35.47340278000
全事故,西伯郡日吉津村大字富吉,2014/03/30,普通乗用×軽貨物,軽傷事故,米子署,車両相互,133.37189720000,35.44790556000
全事故,鳥取市湖山町南１丁目,2014/03/31,軽乗用×軽乗用,軽傷事故,鳥取署,車両相互,134.17446580000,35.51724917000
全事故,鳥取市賀露町南４丁目,2014/03/31,軽乗用×普通乗用,軽傷事故,鳥取署,車両相互,134.18863330000,35.52858333000
全事故,東伯郡北栄町瀬戸,2014/03/31,普通乗用×普通乗用,軽傷事故,倉吉署,車両相互,133.77663890000,35.48238056000
全事故,倉吉市伊木,2014/03/31,軽貨物×軽乗用,軽傷事故,倉吉署,車両相互,133.84934440000,35.44515000000
全事故,米子市日原,2014/03/31,軽乗用×自転車,軽傷事故,米子署,車両相互,133.35814720000,35.41104722000
全事故,境港市美保町,2014/03/31,普通貨物×普通貨物,軽傷事故,境港署,車両相互,133.24751390000,35.51996111000
全事故,鳥取市末広温泉町,2014/04/01,軽貨物×普通乗用,軽傷事故,鳥取署,車両相互,134.23056860000,35.49473583000
全事故,鳥取市田島,2014/04/01,普通乗用×自転車,軽傷事故,鳥取署,車両相互,134.22157780000,35.51067500000
全事故,米子市米原五丁目,2014/04/01,軽乗用×普通乗用,軽傷事故,米子署,車両相互,133.32860560000,35.44584722000
全事故,米子市夜見町,2014/04/01,普通乗用×普通乗用,軽傷事故,米子署,車両相互,133.29875000000,35.45853889000
全事故,鳥取市徳吉,2014/04/03,普通乗用×普通乗用,軽傷事故,鳥取署,車両相互,134.20136110000,35.50315000000
全事故,東伯郡琴浦町大字八橋,2014/04/03,普通乗用×軽乗用,重傷事故,八橋署,車両相互,133.64177220000,35.51404444000
全事故,西伯郡大山町御来屋,2014/04/03,軽乗用×物件等,軽傷事故,八橋署,車両単独,133.49977500000,35.51227500000
全事故,鳥取市雲山,2014/04/04,軽乗用×普通乗用,軽傷事故,鳥取署,車両相互,134.24044170000,35.47735833000
全事故,米子市両三柳,2014/04/05,軽貨物×普通乗用,軽傷事故,米子署,車両相互,133.31746390000,35.46173611000
全事故,日野郡江府町大字江尾,2014/04/05,普通乗用×普通乗用,軽傷事故,黒坂署,車両相互,133.48499170000,35.28661667000
全事故,鳥取市南町,2014/04/06,普通乗用×軽貨物,軽傷事故,鳥取署,車両相互,134.22612780000,35.50112778000
全事故,鳥取市大杙,2014/04/06,軽乗用×普通乗用,軽傷事故,鳥取署,車両相互,134.23989170000,35.48235556000
全事故,鳥取市賀露町,2014/04/07,普通乗用×普通乗用,軽傷事故,鳥取署,車両相互,134.19182220000,35.52035833000
全事故,鳥取市秋里,2014/04/07,普通乗用×自転車,軽傷事故,鳥取署,車両相互,134.21696170000,35.52000833000
全事故,米子市淀江町佐陀,2014/04/07,軽乗用×普通乗用,軽傷事故,米子署,車両相互,133.39611390000,35.44584444000
全事故,米子市花園町,2014/04/07,普通乗用×普通貨物,重傷事故,米子署,車両相互,133.32068060000,35.43634167000
全事故,鳥取市寿町,2014/04/08,普通乗用×歩行者,重傷事故,鳥取署,人対車両,134.22576670000,35.50332778000
全事故,鳥取市気高町新町１丁目,2014/04/08,軽乗用×歩行者,死亡事故,浜村署,人対車両,134.04567500000,35.51019722000
全事故,米子市西福原１丁目,2014/04/08,軽乗用×中型貨物×普通乗用,軽傷事故,米子署,車両相互,133.34126670000,35.43900278000
全事故,倉吉市山根,2014/04/10,軽乗用×普通乗用,軽傷事故,倉吉署,車両相互,133.85953330000,35.45309722000
全事故,米子市米原四丁目,2014/04/10,普通乗用×歩行者,重傷事故,米子署,人対車両,133.33626390000,35.44024167000
全事故,境港市竹内町,2014/04/10,普通乗用×軽乗用,軽傷事故,境港署,車両相互,133.24138940000,35.52279833000
全事故,鳥取市立川町５丁目,2014/04/11,軽乗用×軽乗用,軽傷事故,鳥取署,車両相互,134.24826940000,35.48497222000
全事故,鳥取市吉方町１丁目,2014/04/11,普通乗用×自転車,軽傷事故,鳥取署,車両相互,134.23870280000,35.49321111000
全事故,米子市道笑町四丁目,2014/04/11,普通乗用×普通乗用,軽傷事故,米子署,車両相互,133.34766110000,35.42253333000
全事故,鳥取市用瀬町用瀬,2014/04/12,軽乗用×軽乗用,軽傷事故,智頭署,車両相互,134.20000890000,35.33835639000
全事故,米子市糀町一丁目,2014/04/12,普通乗用×軽乗用,軽傷事故,米子署,車両相互,133.33977780000,35.42832778000
全事故,米子市上福原一丁目,2014/04/12,普通乗用×軽乗用,軽傷事故,米子署,車両相互,133.36079720000,35.44288611000
全事故,米子市河崎,2014/04/12,普通貨物×軽乗用,軽傷事故,米子署,車両相互,133.31097500000,35.46420833000
全事故,鳥取市布施,2014/04/14,普通乗用×軽貨物,軽傷事故,鳥取署,車両相互,134.17667780000,35.50250833000
全事故,鳥取市湖山町東４丁目,2014/04/14,普通乗用×自動二輪,軽傷事故,鳥取署,車両相互,134.18998330000,35.51718611000
全事故,鳥取市戎町,2014/04/15,普通乗用×歩行者,軽傷事故,鳥取署,人対車両,134.23161110000,35.49882222000
全事故,倉吉市清谷町１丁目,2014/04/15,中型貨物×軽乗用,軽傷事故,倉吉署,車両相互,133.84666670000,35.47055556000
全事故,鳥取市卯垣３丁目,2014/04/17,普通貨物×歩行者,軽傷事故,鳥取署,人対車両,134.25048890000,35.48898333000
全事故,西伯郡南部町三崎,2014/04/18,普通乗用×軽乗用,軽傷事故,米子署,車両相互,133.34666110000,35.37361944000
全事故,倉吉市下余戸,2014/04/19,普通乗用×歩行者,軽傷事故,倉吉署,人対車両,133.85029720000,35.43936944000
全事故,米子市両三柳,2014/04/19,普通乗用×歩行者,軽傷事故,米子署,人対車両,133.33376390000,35.45426944000
全事故,西伯郡大山町平,2014/04/21,軽乗用×普通乗用,軽傷事故,八橋署,車両相互,133.48718330000,35.46345833000
全事故,鳥取市卯垣２丁目,2014/04/22,普通乗用×自動二輪,軽傷事故,鳥取署,車両相互,134.25418330000,35.49152222000
全事故,鳥取市安長,2014/04/22,軽乗用×軽乗用,軽傷事故,鳥取署,車両相互,134.21625280000,35.51367222000
全事故,米子市道笑町二丁目,2014/04/22,軽貨物×軽乗用,軽傷事故,米子署,車両相互,133.33751250000,35.42612444000
全事故,倉吉市山根,2014/04/24,普通乗用×普通乗用,軽傷事故,倉吉署,車両相互,133.86167080000,35.45394194000
全事故,米子市西福原一丁目,2014/04/30,軽乗用×軽貨物,軽傷事故,米子署,車両相互,133.33710830000,35.43952500000
死亡事故,鳥取市気高町新町１丁目,2014/04/08,軽乗用×歩行者,死亡事故,浜村署,人対車両,134.04567500000,35.51019722000
自転車事故,鳥取市正蓮寺,2014/03/11,普通乗用×自転車,軽傷事故,鳥取署,車両相互,134.24279720000,35.47416389000
自転車事故,鳥取市用瀬町美成,2014/03/13,軽乗用×自転車,重傷事故,智頭署,車両相互,134.20111920000,35.35252333000
自転車事故,米子市安倍,2014/03/16,普通乗用×自転車,軽傷事故,米子署,車両相互,133.30698060000,35.44531667000
自転車事故,鳥取市瓦町,2014/03/17,普通乗用×自転車,軽傷事故,鳥取署,車両相互,134.22724440000,35.49888917000
自転車事故,鳥取市湖山町北１丁目,2014/03/18,普通乗用×自転車,軽傷事故,鳥取署,車両相互,134.18077220000,35.51837222000
自転車事故,鳥取市立川町６丁目,2014/03/25,軽貨物×自転車,重傷事故,鳥取署,車両相互,134.24778890000,35.48535000000
自転車事故,鳥取市富安１丁目,2014/03/26,軽乗用×自転車,軽傷事故,鳥取署,車両相互,134.22250940000,35.49000194000
自転車事故,倉吉市八屋,2014/03/29,普通乗用×自転車,重傷事故,倉吉署,車両相互,133.84699440000,35.44116111000
自転車事故,米子市日原,2014/03/31,軽乗用×自転車,軽傷事故,米子署,車両相互,133.35814720000,35.41104722000
自転車事故,鳥取市田島,2014/04/01,普通乗用×自転車,軽傷事故,鳥取署,車両相互,134.22157780000,35.51067500000
自転車事故,鳥取市秋里,2014/04/07,普通乗用×自転車,軽傷事故,鳥取署,車両相互,134.21696170000,35.52000833000
自転車事故,鳥取市吉方町１丁目,2014/04/11,普通乗用×自転車,軽傷事故,鳥取署,車両相互,134.23870280000,35.49321111000
歩行者事故,米子市角盤町二丁目,2014/02/10,普通乗用×歩行者,軽傷事故,米子署,人対車両,133.33204440000,35.43312778000
歩行者事故,鳥取市立川町五丁目,2014/03/17,軽乗用×歩行者,軽傷事故,鳥取署,人対車両,134.24796390000,35.48519722000
歩行者事故,八頭郡若桜町大字若桜,2014/03/20,軽乗用×歩行者,軽傷事故,郡家署,人対車両,134.39718060000,35.34772500000
歩行者事故,西伯郡大山町所子,2014/03/26,軽乗用×歩行者,重傷事故,八橋署,人対車両,133.46161670000,35.48127778000
歩行者事故,鳥取市寿町,2014/04/08,普通乗用×歩行者,重傷事故,鳥取署,人対車両,134.22576670000,35.50332778000
歩行者事故,鳥取市気高町新町１丁目,2014/04/08,軽乗用×歩行者,死亡事故,浜村署,人対車両,134.04567500000,35.51019722000
歩行者事故,米子市米原四丁目,2014/04/10,普通乗用×歩行者,重傷事故,米子署,人対車両,133.33626390000,35.44024167000
歩行者事故,鳥取市戎町,2014/04/15,普通乗用×歩行者,軽傷事故,鳥取署,人対車両,134.23161110000,35.49882222000
歩行者事故,鳥取市卯垣３丁目,2014/04/17,普通貨物×歩行者,軽傷事故,鳥取署,人対車両,134.25048890000,35.48898333000
歩行者事故,倉吉市下余戸,2014/04/19,普通乗用×歩行者,軽傷事故,倉吉署,人対車両,133.85029720000,35.43936944000
歩行者事故,米子市両三柳,2014/04/19,普通乗用×歩行者,軽傷事故,米子署,人対車両,133.33376390000,35.45426944000
全事故,鳥取市瓦町,2013/12/05,普通乗用×歩行者,軽傷事故,鳥取署,人対車両,134.22800560000,35.49952778000
全事故,倉吉市昭和町２丁目,2013/12/14,普通乗用×普通乗用,軽傷事故,倉吉署,車両相互,133.83766390000,35.43571389000
全事故,米子市旗ヶ崎九丁目,2014/02/21,軽乗用×歩行者,重傷事故,米子署,人対車両,133.31178060000,35.44480833000
全事故,米子市角盤町二丁目,2014/03/16,普通乗用×普通乗用,軽傷事故,米子署,車両相互,133.33280560000,35.43360833000
全事故,鳥取市南隈,2014/03/20,軽乗用×軽乗用,軽傷事故,鳥取署,車両相互,134.19903330000,35.52083611000
全事故,鳥取市青葉町３丁目,2014/03/21,普通乗用×軽乗用,軽傷事故,鳥取署,車両相互,134.22195860000,35.51694528000
全事故,米子市淀江町淀江,2014/03/28,普通乗用×普通乗用,軽傷事故,米子署,車両相互,133.39632500000,35.44567222000
全事故,倉吉市越殿町,2014/04/01,軽貨物×普通乗用,軽傷事故,倉吉署,車両相互,133.81561670000,35.43253056000
全事故,米子市万能町,2014/04/01,軽貨物×普通乗用,軽傷事故,米子署,車両相互,133.33528750000,35.42500917000
全事故,米子市東福原七丁目,2014/04/03,自転車×自転車,軽傷事故,米子署,車両相互,133.34973890000,35.44816667000
全事故,鳥取市徳尾,2014/04/04,普通乗用×自転車,重傷事故,鳥取署,車両相互,134.20122220000,35.50153889000
全事故,倉吉市大塚,2014/04/07,普通乗用×普通乗用,軽傷事故,倉吉署,車両相互,133.84073330000,35.47664444000
全事故,米子市彦名町,2014/04/07,軽乗用×軽乗用,軽傷事故,米子署,車両相互,133.28743330000,35.45793056000
全事故,米子市二本木,2014/04/08,不詳×普通貨物,軽傷事故,米子署,車両相互,133.38933610000,35.44273056000
全事故,米子市熊党,2014/04/11,軽貨物×歩行者,軽傷事故,米子署,人対車両,133.37553060000,35.42770000000
全事故,鳥取市尚徳町,2014/04/12,普通乗用×原付二種,軽傷事故,鳥取署,車両相互,134.23811670000,35.50211667000
全事故,鳥取市今町１丁目,2014/04/12,普通乗用×軽乗用,軽傷事故,鳥取署,車両相互,134.22601940000,35.49645278000
全事故,鳥取市気高町八束水,2014/04/12,軽乗用×普通乗用,軽傷事故,浜村署,車両相互,134.03529720000,35.51769444000
全事故,鳥取市気高町浜村,2014/04/15,普通貨物×普通乗用,軽傷事故,浜村署,車両相互,134.05528750000,35.51807306000
全事故,西伯郡日吉津村大字日吉津,2014/04/15,普通乗用×普通乗用,軽傷事故,米子署,車両相互,133.38127220000,35.43565833000
全事故,米子市長砂町,2014/04/17,普通乗用×軽乗用,軽傷事故,高速隊,車両相互,133.35611110000,35.41668611000
全事故,西伯郡大山町束積,2014/04/17,軽貨物×自転車,重傷事故,八橋署,車両相互,133.59567500000,35.49635833000
全事故,鳥取市服部,2014/04/18,普通乗用×軽乗用,軽傷事故,鳥取署,車両相互,134.20816670000,35.48007222000
全事故,鳥取市気高町宝木,2014/04/18,軽乗用×軽乗用,軽傷事故,浜村署,車両相互,134.07723420000,35.51723306000
全事故,米子市車尾四丁目,2014/04/18,普通乗用×普通乗用,軽傷事故,米子署,車両相互,133.36204170000,35.43501389000
全事故,米子市八幡,2014/04/18,軽乗用×普通乗用,軽傷事故,米子署,車両相互,133.37870280000,35.39822500000
全事故,米子市車尾六丁目,2014/04/18,普通乗用×普通貨物,軽傷事故,米子署,車両相互,133.36490000000,35.43145556000
全事故,西伯郡南部町阿賀,2014/04/18,普通乗用×普通乗用,軽傷事故,米子署,車両相互,133.33016940000,35.35812500000
全事故,米子市錦町一丁目,2014/04/21,普通乗用×普通乗用,軽傷事故,米子署,車両相互,133.33309170000,35.43390833000
全事故,米子市西福原六丁目,2014/04/21,普通乗用×自転車,軽傷事故,米子署,車両相互,133.34185000000,35.44818611000
全事故,鳥取市湖山町東四丁目,2014/04/22,普通貨物×歩行者,軽傷事故,鳥取署,人対車両,134.18954720000,35.51703333000
全事故,鳥取市中大路,2014/04/23,普通乗用×自転車,軽傷事故,鳥取署,車両相互,134.23566110000,35.46815000000
全事故,東伯郡北栄町土下,2014/04/23,中型貨物×軽乗用,軽傷事故,倉吉署,車両相互,133.82335830000,35.47449444000
全事故,米子市長砂町,2014/04/23,普通乗用×自動二輪,軽傷事故,米子署,車両相互,133.35100830000,35.41960278000
全事故,米子市安倍,2014/04/23,軽貨物×普通乗用,軽傷事故,米子署,車両相互,133.30707500000,35.44525278000
全事故,境港市三軒屋町,2014/04/23,普通乗用×普通乗用,軽傷事故,境港署,車両相互,133.23402780000,35.50574444000
全事故,鳥取市気高町新町２丁目,2014/04/24,軽乗用×普通乗用,軽傷事故,浜村署,車両相互,134.04566390000,35.51348333000
全事故,米子市上福原五丁目,2014/04/24,普通乗用×自転車,重傷事故,米子署,車両相互,133.35450830000,35.44909722000
全事故,米子市日原,2014/04/25,軽乗用×普通乗用,軽傷事故,米子署,車両相互,133.36207780000,35.40874167000
全事故,米子市車尾七丁目,2014/04/26,軽乗用×軽乗用,軽傷事故,米子署,車両相互,133.36487780000,35.43371111000
全事故,倉吉市海田西町１丁目,2014/04/27,軽貨物×自動二輪,軽傷事故,倉吉署,車両相互,133.84392500000,35.46376111000
全事故,米子市角盤町二丁目,2014/04/27,軽貨物×自転車,重傷事故,米子署,車両相互,133.33153060000,35.43355556000
全事故,鳥取市湖山町西４丁目,2014/04/28,中型貨物×普通乗用,軽傷事故,鳥取署,車両相互,134.17196360000,35.52334028000
全事故,鳥取市伏野,2014/04/28,普通乗用×普通乗用×普通乗用,軽傷事故,鳥取署,車両相互,134.14946830000,35.52806139000
全事故,鳥取市古海,2014/04/28,軽乗用×普通貨物,軽傷事故,鳥取署,車両相互,134.20472220000,35.49780333000
全事故,東伯郡湯梨浜町はわい長瀬,2014/04/28,普通乗用×普通乗用,軽傷事故,倉吉署,車両相互,133.86684440000,35.48742778000
全事故,西伯郡日吉津村大字日吉津,2014/04/28,普通乗用×普通乗用,軽傷事故,米子署,車両相互,133.37972500000,35.44585972000
全事故,鳥取市栄町,2014/04/30,普通乗用×自転車,軽傷事故,鳥取署,車両相互,134.22760000000,35.49544722000
全事故,米子市淀江町中間,2014/04/30,軽乗用×自転車,軽傷事故,米子署,車両相互,133.39974170000,35.44230833000
全事故,境港市渡町,2014/04/30,軽乗用×軽乗用,軽傷事故,境港署,車両相互,133.21357220000,35.52183611000
全事故,鳥取市宮長,2014/05/01,軽乗用×普通乗用,軽傷事故,鳥取署,車両相互,134.21785000000,35.47841111000
全事故,鳥取市津ノ井,2014/05/02,普通乗用×軽乗用,軽傷事故,鳥取署,車両相互,134.24901940000,35.46234722000
全事故,鳥取市小沢見,2014/05/02,普通貨物×軽乗用,軽傷事故,鳥取署,車両相互,134.10413330000,35.52071667000
全事故,鳥取市船木,2014/05/02,軽貨物×普通乗用,軽傷事故,鳥取署,車両相互,134.24503610000,35.45288333000
全事故,倉吉市新田,2014/05/02,軽乗用×軽乗用,重傷事故,倉吉署,車両相互,133.83904440000,35.46495833000
全事故,日野郡江府町大字宮市,2014/05/03,普通乗用×普通乗用,軽傷事故,高速隊,車両相互,133.51861970000,35.29139944000
全事故,西伯郡伯耆町宮原,2014/05/03,軽乗用×普通乗用,軽傷事故,高速隊,車両相互,133.44695470000,35.33001583000
全事故,鳥取市行徳１丁目,2014/05/03,普通乗用×普通乗用,軽傷事故,鳥取署,車両相互,134.21900560000,35.49883611000
全事故,八頭郡八頭町西御門,2014/05/03,軽貨物×軽乗用,軽傷事故,郡家署,車両相互,134.26842220000,35.39849167000
全事故,西伯郡日吉津村大字富吉,2014/05/03,軽乗用×軽乗用,軽傷事故,米子署,車両相互,133.37684170000,35.44682222000
全事故,米子市米原五丁目,2014/05/03,普通乗用×普通乗用,軽傷事故,米子署,車両相互,133.32857780000,35.44500556000
全事故,米子市宗像,2014/05/04,普通乗用×普通貨物,軽傷事故,高速隊,車両相互,133.34890610000,35.41528306000
全事故,東伯郡湯梨浜町大字久留,2014/05/04,普通乗用×歩行者,重傷事故,倉吉署,人対車両,133.86687220000,35.48951111000
全事故,東伯郡琴浦町大字赤碕,2014/05/04,軽貨物×自転車,軽傷事故,八橋署,車両相互,133.65611670000,35.50943611000
全事故,西伯郡大山町高田,2014/05/04,軽乗用×歩行者,軽傷事故,八橋署,人対車両,133.47972640000,35.47390556000
全事故,鳥取市佐治町尾際,2014/05/06,軽貨物×原付二種,重傷事故,智頭署,車両相互,134.05390060000,35.32973472000
全事故,東伯郡北栄町江北,2014/05/06,軽乗用×歩行者,軽傷事故,倉吉署,人対車両,133.84693890000,35.48607222000
全事故,境港市小篠津町,2014/05/06,普通乗用×軽貨物,軽傷事故,境港署,車両相互,133.24440000000,35.50244444000
全事故,鳥取市湖山町東５丁目,2014/05/07,普通乗用×普通乗用,軽傷事故,鳥取署,車両相互,134.18746390000,35.51500000000
全事故,鳥取市気高町下坂本,2014/05/07,軽貨物×歩行者,軽傷事故,浜村署,人対車両,134.07167940000,35.51583722000
全事故,米子市大谷町,2014/05/07,軽貨物×普通乗用,重傷事故,米子署,車両相互,133.33478330000,35.41822778000
全事故,鳥取倉吉市大正町２丁目,2014/05/08,軽貨物×軽乗用,軽傷事故,倉吉署,車両相互,133.82215830000,35.43538889000
全事故,米子市東倉吉町,2014/05/08,普通乗用×普通乗用,軽傷事故,米子署,車両相互,133.33085920000,35.42945028000
全事故,境港市福定町,2014/05/08,普通乗用×歩行者,重傷事故,境港署,人対車両,133.24395830000,35.52831944000
全事故,米子市両三柳,2014/05/09,軽乗用×軽乗用,軽傷事故,米子署,車両相互,133.32125560000,35.44991389000
全事故,米子市大篠津町,2014/05/09,普通乗用×軽乗用,重傷事故,米子署,車両相互,133.25873610000,35.48559722000
全事故,鳥取市本高地,2014/05/10,大型貨物×物件等,軽傷事故,高速隊,車両単独,134.19777780000,35.47888889000
全事故,鳥取市行徳１丁目,2014/05/10,普通乗用×普通乗用,軽傷事故,鳥取署,車両相互,134.22026390000,35.49678611000
全事故,鳥取市興南町３３,2014/05/10,普通乗用×軽乗用,軽傷事故,鳥取署,車両相互,134.22914170000,35.48788889000
全事故,鳥取市長谷３２３,2014/05/10,普通乗用×普通乗用,軽傷事故,鳥取署,車両相互,134.20458330000,35.43406389000
全事故,鳥取市吉方温泉４丁目,2014/05/11,軽乗用×原付,軽傷事故,鳥取署,車両相互,134.23845280000,35.48983333000
全事故,鳥取市千代水１丁目,2014/05/11,軽乗用×軽乗用,軽傷事故,鳥取署,車両相互,134.20232780000,35.51690833000
全事故,米子市東福原七丁目,2014/05/11,軽乗用×軽乗用,軽傷事故,米子署,車両相互,133.35090830000,35.45272778000
全事故,西伯郡伯耆町宮原,2014/05/11,軽乗用×軽乗用,死亡事故,黒坂署,車両相互,133.43992220000,35.32803333000
全事故,鳥取市本町４丁目,2014/05/12,普通乗用×自転車,軽傷事故,鳥取署,車両相互,134.23030280000,35.50307778000
全事故,鳥取市湖山町東４丁目,2014/05/12,軽貨物×自転車,軽傷事故,鳥取署,車両相互,134.19185830000,35.51464722000
全事故,八頭郡八頭町国中,2014/05/12,軽乗用×軽貨物,軽傷事故,郡家署,車両相互,134.22683610000,35.39378333000
全事故,東伯郡北栄町弓原,2014/05/13,軽乗用×自転車,死亡事故,倉吉署,車両相互,133.81004720000,35.48204167000
全事故,鳥取市御弓町,2014/05/14,普通乗用×軽乗用,軽傷事故,鳥取署,車両相互,134.23876390000,35.49570000000
全事故,米子市皆生四丁目,2014/05/16,普通貨物×軽乗用×普通乗用,軽傷事故,米子署,車両相互,133.36408330000,35.44980556000
全事故,米子市西福原七丁目,2014/05/16,普通乗用×歩行者,軽傷事故,米子署,人対車両,133.34567500000,35.45405000000
全事故,米子市淀江町本宮,2014/05/17,軽貨物×自転車,軽傷事故,米子署,車両相互,133.43742780000,35.42440000000
全事故,鳥取市伏野,2014/05/21,軽乗用×軽乗用,軽傷事故,鳥取署,車両相互,134.14196390000,35.52798611000
全事故,鳥取市徳尾,2014/05/21,軽貨物×軽乗用,軽傷事故,鳥取署,車両相互,134.20167780000,35.50039722000
全事故,鳥取市松並町１丁目,2014/05/21,普通乗用×歩行者,重傷事故,鳥取署,人対車両,134.21659170000,35.51378611000
全事故,日野郡江府町大字江尾,2014/05/21,軽貨物×歩行者,重傷事故,黒坂署,人対車両,133.48371940000,35.27991111000
全事故,鳥取市御弓町,2014/05/23,普通乗用×自転車,軽傷事故,鳥取署,車両相互,134.23880830000,35.49696111000
全事故,東伯郡北栄町大谷,2014/05/24,普通乗用×普通乗用,重傷事故,高速隊,車両相互,133.71944830000,35.50056778000
全事故,鳥取市今町１丁目,2014/05/27,軽貨物×自転車,軽傷事故,鳥取署,車両相互,134.22611390000,35.49819722000
死亡事故,西伯郡伯耆町宮原,2014/05/11,軽乗用×軽乗用,死亡事故,黒坂署,車両相互,133.43992220000,35.32803333000
死亡事故,東伯郡北栄町弓原,2014/05/13,軽乗用×自転車,死亡事故,倉吉署,車両相互,133.81004720000,35.48204167000
自転車事故,鳥取市瓦町,2013/12/05,普通乗用×歩行者,軽傷事故,鳥取署,人対車両,134.22800560000,35.49952778000
自転車事故,米子市旗ヶ崎九丁目,2014/02/21,軽乗用×歩行者,重傷事故,米子署,人対車両,133.31178060000,35.44480833000
自転車事故,米子市熊党,2014/04/11,軽貨物×歩行者,軽傷事故,米子署,人対車両,133.37553060000,35.42770000000
自転車事故,鳥取市湖山町東四丁目,2014/04/22,普通貨物×歩行者,軽傷事故,鳥取署,人対車両,134.18954720000,35.51703333000
自転車事故,東伯郡湯梨浜町大字久留,2014/05/04,普通乗用×歩行者,重傷事故,倉吉署,人対車両,133.86687220000,35.48951111000
自転車事故,西伯郡大山町高田,2014/05/04,軽乗用×歩行者,軽傷事故,八橋署,人対車両,133.47972640000,35.47390556000
自転車事故,東伯郡北栄町江北,2014/05/06,軽乗用×歩行者,軽傷事故,倉吉署,人対車両,133.84693890000,35.48607222000
自転車事故,鳥取市気高町下坂本,2014/05/07,軽貨物×歩行者,軽傷事故,浜村署,人対車両,134.07167940000,35.51583722000
自転車事故,境港市福定町,2014/05/08,普通乗用×歩行者,重傷事故,境港署,人対車両,133.24395830000,35.52831944000
自転車事故,米子市西福原七丁目,2014/05/16,普通乗用×歩行者,軽傷事故,米子署,人対車両,133.34567500000,35.45405000000
自転車事故,鳥取市松並町１丁目,2014/05/21,普通乗用×歩行者,重傷事故,鳥取署,人対車両,134.21659170000,35.51378611000
自転車事故,日野郡江府町大字江尾,2014/05/21,軽貨物×歩行者,重傷事故,黒坂署,人対車両,133.48371940000,35.27991111000
歩行者事故,米子市東福原七丁目,2014/04/03,自転車×自転車,軽傷事故,米子署,車両相互,133.34973890000,35.44816667000
歩行者事故,鳥取市徳尾,2014/04/04,普通乗用×自転車,重傷事故,鳥取署,車両相互,134.20122220000,35.50153889000
歩行者事故,西伯郡大山町束積,2014/04/17,軽貨物×自転車,重傷事故,八橋署,車両相互,133.59567500000,35.49635833000
歩行者事故,米子市西福原六丁目,2014/04/21,普通乗用×自転車,軽傷事故,米子署,車両相互,133.34185000000,35.44818611000
歩行者事故,鳥取市中大路,2014/04/23,普通乗用×自転車,軽傷事故,鳥取署,車両相互,134.23566110000,35.46815000000
歩行者事故,米子市上福原五丁目,2014/04/24,普通乗用×自転車,重傷事故,米子署,車両相互,133.35450830000,35.44909722000
歩行者事故,米子市角盤町二丁目,2014/04/27,軽貨物×自転車,重傷事故,米子署,車両相互,133.33153060000,35.43355556000
歩行者事故,鳥取市栄町,2014/04/30,普通乗用×自転車,軽傷事故,鳥取署,車両相互,134.22760000000,35.49544722000
歩行者事故,米子市淀江町中間,2014/04/30,軽乗用×自転車,軽傷事故,米子署,車両相互,133.39974170000,35.44230833000
歩行者事故,東伯郡琴浦町大字赤碕,2014/05/04,軽貨物×自転車,軽傷事故,八橋署,車両相互,133.65611670000,35.50943611000
歩行者事故,鳥取市本町４丁目,2014/05/12,普通乗用×自転車,軽傷事故,鳥取署,車両相互,134.23030280000,35.50307778000
歩行者事故,鳥取市湖山町東４丁目,2014/05/12,軽貨物×自転車,軽傷事故,鳥取署,車両相互,134.19185830000,35.51464722000
歩行者事故,東伯郡北栄町弓原,2014/05/13,軽乗用×自転車,死亡事故,倉吉署,車両相互,133.81004720000,35.48204167000
歩行者事故,米子市淀江町本宮,2014/05/17,軽貨物×自転車,軽傷事故,米子署,車両相互,133.43742780000,35.42440000000
歩行者事故,鳥取市御弓町,2014/05/23,普通乗用×自転車,軽傷事故,鳥取署,車両相互,134.23880830000,35.49696111000
歩行者事故,鳥取市今町１丁目,2014/05/27,軽貨物×自転車,軽傷事故,鳥取署,車両相互,134.22611390000,35.49819722000
全事故,鳥取市西町４丁目,2013/08/21,軽乗用×自転車,重傷事故,鳥取署,車両相互,134.23136110000,35.50386111000
全事故,鳥取市南栄町,2013/12/18,軽貨物×自転車,重傷事故,鳥取署,車両相互,134.24320280000,35.45788056000
全事故,鳥取市徳尾,2013/12/28,軽乗用×軽貨物,軽傷事故,鳥取署,車両相互,134.20666940000,35.50046389000
全事故,米子市大谷町,2014/01/28,軽乗用×軽乗用,軽傷事故,米子署,車両相互,133.33490280000,35.41804722000
全事故,鳥取市湖山町東５丁目,2014/02/15,普通乗用×普通乗用,重傷事故,鳥取署,車両相互,134.18974170000,35.51472222000
全事故,日野郡日南町生山,2014/02/27,軽乗用×物件等,重傷事故,黒坂署,車両単独,133.32168890000,35.16787222000
全事故,米子市三本松一丁目,2014/03/03,不詳×歩行者,重傷事故,米子署,人対車両,133.32301390000,35.44193889000
全事故,米子市角盤町四丁目,2014/03/08,軽乗用×普通乗用,重傷事故,米子署,車両相互,133.32779170000,35.43656389000
全事故,境港市花町,2014/03/13,普通乗用×自転車,軽傷事故,境港署,車両相互,133.24095830000,35.54632778000
全事故,鳥取市徳尾,2014/03/25,軽貨物×軽乗用,軽傷事故,鳥取署,車両相互,134.20199170000,35.49915556000
全事故,鳥取市湖山町西１丁目,2014/03/29,軽乗用×歩行者,軽傷事故,鳥取署,人対車両,134.16541670000,35.52322500000
全事故,鳥取市天神町,2014/04/06,普通乗用×軽乗用,軽傷事故,鳥取署,車両相互,134.22279720000,35.49160833000
全事故,米子市糀町２丁目,2014/04/11,普通乗用×歩行者,重傷事故,米子署,人対車両,133.33805280000,35.42973889000
全事故,米子市吉岡,2014/04/14,普通貨物×軽貨物,軽傷事故,米子署,車両相互,133.36726390000,35.43113333000
全事故,米子市上福原一丁目,2014/04/15,自転車×普通乗用,重傷事故,米子署,車両相互,133.36084110000,35.44335639000
全事故,米子市西福原一丁目,2014/04/20,軽乗用×普通乗用,軽傷事故,米子署,車両相互,133.33798060000,35.44079444000
全事故,米子市彦名町,2014/04/21,普通乗用×自転車,軽傷事故,米子署,車両相互,133.29197220000,35.45252500000
全事故,米子市車尾六丁目,2014/04/23,軽乗用×原付,重傷事故,米子署,車両相互,133.36407780000,35.43040000000
全事故,米子市三本松二丁目,2014/04/24,軽乗用×普通乗用,軽傷事故,米子署,車両相互,133.32207500000,35.44183611000
全事故,鳥取市富安１丁目,2014/04/26,軽乗用×普通乗用,軽傷事故,鳥取署,車両相互,134.22408610000,35.49120833000
全事故,鳥取市南吉方３丁目,2014/04/26,軽乗用×軽貨物,軽傷事故,鳥取署,車両相互,134.23950560000,35.48650000000
全事故,米子市下新印,2014/05/02,軽乗用×普通乗用,軽傷事故,米子署,車両相互,133.38336080000,35.42333639000
全事故,鳥取市興南町,2014/05/03,普通乗用×自転車,軽傷事故,鳥取署,車両相互,134.22929440000,35.48841389000
全事故,鳥取市南隈,2014/05/03,軽貨物×自転車,軽傷事故,鳥取署,車両相互,134.20277780000,35.51949444000
全事故,米子市西町,2014/05/04,普通乗用×軽乗用,軽傷事故,米子署,車両相互,133.32530280000,35.42958333000
全事故,鳥取市海蔵寺,2014/05/05,軽乗用×軽乗用,重傷事故,鳥取署,車両相互,134.25267500000,35.44931667000
全事故,米子市西福原六丁目,2014/05/06,普通乗用×歩行者,軽傷事故,米子署,人対車両,133.33667280000,35.45000222000
全事故,米子市西福原四丁目,2014/05/07,普通乗用×歩行者,軽傷事故,米子署,人対車両,133.34024170000,35.44328611000
全事故,米子市富益町,2014/05/07,普通乗用×軽乗用,軽傷事故,米子署,車両相互,133.28762780000,35.47997778000
全事故,鳥取市若葉台南２丁目,2014/05/08,普通乗用×軽乗用,軽傷事故,鳥取署,車両相互,134.26428330000,35.44645556000
全事故,米子市車尾６丁目,2014/05/08,軽乗用×普通乗用,軽傷事故,米子署,車両相互,133.36448330000,35.43153056000
全事故,米子市皆生三丁目,2014/05/09,普通乗用×中型乗用,軽傷事故,米子署,車両相互,133.36606390000,35.44778333000
全事故,鳥取市津ノ井,2014/05/12,軽乗用×普通乗用,軽傷事故,鳥取署,車両相互,134.24316110000,35.46186111000
全事故,米子市両三柳,2014/05/12,軽乗用×軽乗用,軽傷事故,米子署,車両相互,133.33133060000,35.45086111000
全事故,米子市久米町,2014/05/13,普通乗用×原付,軽傷事故,米子署,車両相互,133.32938890000,35.42535278000
全事故,米子市米原一丁目,2014/05/14,軽乗用×軽乗用,軽傷事故,米子署,車両相互,133.32932220000,35.44183333000
全事故,米子市灘町一丁目,2014/05/14,普通乗用×自転車,軽傷事故,米子署,車両相互,133.32216670000,35.43338611000
全事故,鳥取市里仁,2014/05/16,普通貨物×物件等,軽傷事故,鳥取署,車両単独,134.18580560000,35.50062222000
全事故,岩美郡岩美町大字岩本,2014/05/16,軽乗用×軽貨物,重傷事故,鳥取署,車両相互,134.31398610000,35.57747222000
全事故,米子市河崎,2014/05/16,軽乗用×軽乗用,軽傷事故,米子署,車両相互,133.31188610000,35.46385278000
全事故,米子市旗ヶ崎二丁目,2014/05/16,軽乗用×普通乗用,軽傷事故,米子署,車両相互,133.31889390000,35.43501972000
全事故,鳥取市安長,2014/05/17,普通乗用×普通乗用,軽傷事故,鳥取署,車両相互,134.21063610000,35.51207222000
全事故,米子市両三柳,2014/05/17,普通乗用×自動二輪,重傷事故,米子署,車両相互,133.31772500000,35.46161389000
全事故,鳥取市湖山町西２丁目,2014/05/18,軽乗用×軽乗用,軽傷事故,鳥取署,車両相互,134.15871940000,35.52517500000
全事故,鳥取市湖山町東３丁目,2014/05/18,軽乗用×軽乗用,軽傷事故,鳥取署,車両相互,134.19003060000,35.51720278000
全事故,八頭郡八頭町徳丸,2014/05/18,軽乗用×普通乗用,軽傷事故,郡家署,車両相互,134.34179440000,35.36528333000
全事故,鳥取市気高町八束水,2014/05/18,軽乗用×普通乗用,軽傷事故,浜村署,車両相互,134.01993610000,35.51425000000
全事故,米子市車尾一丁目,2014/05/18,軽乗用×歩行者,軽傷事故,米子署,人対車両,133.34879440000,35.43209722000
全事故,米子市西倉吉町,2014/05/20,普通貨物×歩行者,軽傷事故,米子署,人対車両,133.32976940000,35.43146944000
全事故,米子市諏訪,2014/05/21,普通乗用×軽貨物,軽傷事故,米子署,車両相互,133.38573610000,35.39559722000
全事故,西伯郡南部町高姫,2014/05/23,中型乗用×相手なし,軽傷事故,米子署,車両単独,133.36382780000,35.35191667000
全事故,米子市大崎,2014/05/24,普通乗用×普通乗用,軽傷事故,米子署,車両相互,133.26628610000,35.46559167000
全事故,鳥取市若葉台南６丁目,2014/05/25,軽乗用×普通乗用,軽傷事故,鳥取署,車両相互,134.26274170000,35.44497500000
全事故,米子市淀江町西原,2014/05/25,軽乗用×軽乗用,軽傷事故,米子署,車両相互,133.42389170000,35.45615000000
全事故,鳥取市千代水４丁目,2014/05/26,軽乗用×軽乗用,軽傷事故,鳥取署,車両相互,134.19242780000,35.51680833000
全事故,米子市陰田町,2014/05/26,普通乗用×普通乗用,軽傷事故,米子署,車両相互,133.32149440000,35.41344167000
全事故,米子市夜見町,2014/05/26,中型貨物×軽乗用,軽傷事故,米子署,車両相互,133.30545830000,35.46663889000
全事故,米子市彦名町,2014/05/26,普通乗用×軽乗用,軽傷事故,米子署,車両相互,133.29638330000,35.44541111000
全事故,米子市米原六丁目,2014/05/26,中型貨物×軽乗用,軽傷事故,米子署,車両相互,133.33810000000,35.44558611000
全事故,米子市角盤町四丁目,2014/05/27,軽乗用×自転車,軽傷事故,米子署,車両相互,133.32797780000,35.43781944000
全事故,境港市中野町,2014/05/27,普通乗用×自転車,重傷事故,境港署,車両相互,133.23480560000,35.53226111000
全事故,西伯郡伯耆町岸本,2014/05/27,軽貨物×普通乗用,軽傷事故,黒坂署,車両相互,133.41094440000,35.38044444000
全事故,日野郡日野町福長,2014/05/27,軽乗用×普通乗用,軽傷事故,黒坂署,車両相互,133.31059170000,35.20103889000
全事故,鳥取市吉方温泉１丁目,2014/05/30,軽乗用×歩行者,軽傷事故,鳥取署,人対車両,134.23311670000,35.49571944000
全事故,米子市西福原三丁目,2014/05/30,軽乗用×普通乗用,軽傷事故,米子署,車両相互,133.34160280000,35.44280000000
全事故,米子市博労町三丁目,2014/05/30,普通乗用×自転車,軽傷事故,米子署,車両相互,133.34041110000,35.43349722000
全事故,米子市皆生五丁目,2014/05/31,普通乗用×軽乗用,軽傷事故,米子署,車両相互,133.35911670000,35.45098889000
全事故,鳥取市南隈,2014/06/01,軽貨物×軽乗用,軽傷事故,鳥取署,車両相互,134.20787500000,35.51980278000
全事故,八頭郡智頭町大字奥本,2014/06/01,軽乗用×歩行者,軽傷事故,智頭署,人対車両,134.20362670000,35.19278000000
全事故,鳥取市河原町天神原,2014/06/01,軽貨物×小型貨物,重傷事故,智頭署,車両相互,134.18112390000,35.38778472000
全事故,西伯郡大山町赤坂,2014/06/01,軽貨物×自動二輪,軽傷事故,八橋署,車両相互,133.57888610000,35.52449444000
全事故,境港市幸神町,2014/06/01,軽乗用×自転車,軽傷事故,境港署,車両相互,133.23814440000,35.50531111000
全事故,日野郡江府町大字洲河崎,2014/06/01,普通乗用×歩行者,軽傷事故,黒坂署,人対車両,133.48169720000,35.28101944000
全事故,米子市皆生四丁目,2014/06/02,普通貨物×普通乗用,軽傷事故,米子署,車両相互,133.36353890000,35.44991389000
全事故,鳥取市天神町,2014/06/03,軽乗用×物件等,重傷事故,鳥取署,車両単独,134.22177220000,35.49397222000
全事故,倉吉市八屋,2014/06/03,普通貨物×普通乗用,軽傷事故,倉吉署,車両相互,133.84700280000,35.44111111000
全事故,倉吉市余戸谷町,2014/06/04,軽乗用×軽乗用,軽傷事故,倉吉署,車両相互,133.81541390000,35.42771944000
全事故,倉吉市円谷町,2014/06/04,軽乗用×軽貨物,軽傷事故,倉吉署,車両相互,133.85004440000,35.42010000000
全事故,日野郡日野町本郷,2014/06/04,軽乗用×物件等,重傷事故,黒坂署,車両単独,133.41563060000,35.22498056000
全事故,鳥取市秋里,2014/06/06,軽乗用×物件等,死亡事故,鳥取署,車両単独,134.21138060000,35.52040833000
全事故,倉吉市昭和町１丁目,2014/06/06,軽貨物×軽乗用,軽傷事故,倉吉署,車両相互,133.83495000000,35.43378333000
全事故,西伯郡大山町栄田,2014/06/06,普通貨物×軽貨物,重傷事故,八橋署,車両相互,133.59015280000,35.51457500000
全事故,米子市東福原五丁目,2014/06/06,軽乗用×軽乗用,軽傷事故,米子署,車両相互,133.34691390000,35.44327222000
全事故,鳥取市岩吉,2014/06/07,軽貨物×自転車,軽傷事故,鳥取署,車両相互,134.19326390000,35.51433333000
全事故,米子市米原九丁目,2014/06/07,軽貨物×軽貨物,軽傷事故,米子署,車両相互,133.32923890000,35.44973889000
全事故,八頭郡智頭町大字市瀬,2014/06/08,普通乗用×物件等,重傷事故,高速隊,車両単独,134.22647780000,35.28483056000
全事故,西伯郡日吉津村大字富吉,2014/06/08,軽乗用×普通乗用,軽傷事故,米子署,車両相互,133.37560000000,35.44712778000
全事故,境港市中海干拓地,2014/06/08,普通乗用×普通乗用,軽傷事故,境港署,車両相互,133.21621390000,35.50328333000
全事故,境港市財ノ木町,2014/06/08,普通乗用×軽貨物×軽貨物,軽傷事故,境港署,車両相互,133.25237500000,35.50304722000
全事故,境港市夕日ヶ丘１丁目,2014/06/08,普通乗用×普通乗用,軽傷事故,境港署,車両相互,133.22204720000,35.50485833000
全事故,八頭郡八頭町下坂,2014/06/09,普通乗用×普通乗用,軽傷事故,郡家署,車両相互,134.26182500000,35.42213889000
全事故,鳥取市気高町浜村,2014/06/09,普通乗用×歩行者,重傷事故,浜村署,人対車両,134.05083500000,35.51362806000
全事故,倉吉市杉野,2014/06/09,軽貨物×歩行者,重傷事故,倉吉署,人対車両,133.74646940000,35.40410278000
全事故,倉吉市清谷,2014/06/10,軽貨物×普通乗用,軽傷事故,倉吉署,車両相互,133.85248890000,35.47501389000
全事故,倉吉市山根,2014/06/11,普通乗用×普通乗用,軽傷事故,倉吉署,車両相互,133.84639610000,35.44807417000
全事故,鳥取市古海,2014/06/12,軽貨物×自転車,軽傷事故,鳥取署,車両相互,134.20976670000,35.49738889000
全事故,鳥取市気高町八束水,2014/06/12,普通乗用×軽貨物,軽傷事故,浜村署,車両相互,134.02655560000,35.51818056000
全事故,倉吉市東昭和町,2014/06/13,軽乗用×歩行者,軽傷事故,倉吉署,人対車両,133.83928060000,35.43710278000
全事故,倉吉市上井,2014/06/13,軽乗用×普通乗用,軽傷事故,倉吉署,車両相互,133.84723610000,35.45459722000
全事故,東伯郡湯梨浜町大字宇野,2014/06/13,軽乗用×普通乗用,軽傷事故,倉吉署,車両相互,133.89316390000,35.49571944000
全事故,鳥取市安長,2014/06/15,軽乗用×軽乗用,軽傷事故,鳥取署,車両相互,134.20190000000,35.51079167000
全事故,米子市西福原九丁目,2014/06/15,軽乗用×普通乗用,軽傷事故,米子署,車両相互,133.34023330000,35.45550000000
全事故,米子市上福原,2014/06/15,軽乗用×物件等,軽傷事故,米子署,車両単独,133.36294170000,35.43725833000
全事故,米子市花園町,2014/06/15,普通乗用×普通乗用,軽傷事故,米子署,車両相互,133.31920280000,35.43536944000
全事故,鳥取市湖山町西３丁目,2014/06/16,軽乗用×軽乗用,軽傷事故,鳥取署,車両相互,134.15278890000,35.52772222000
全事故,鳥取市安長,2014/06/16,軽乗用×自転車,軽傷事故,鳥取署,車両相互,134.20319170000,35.51321667000
全事故,倉吉市秋喜,2014/06/16,普通乗用×軽乗用,軽傷事故,倉吉署,車両相互,133.79807190000,35.42501306000
全事故,境港市竹内町,2014/06/16,普通乗用×自転車,軽傷事故,境港署,車両相互,133.24090560000,35.52444167000
全事故,鳥取市富安１丁目,2014/06/17,普通乗用×自転車,軽傷事故,鳥取署,車両相互,134.22355000000,35.49084722000
全事故,鳥取市気高町宝木,2014/06/17,普通乗用×普通乗用×軽乗用,軽傷事故,浜村署,車両相互,134.07669310000,35.51696944000
全事故,米子市大篠津町,2014/06/17,軽貨物×普通乗用,軽傷事故,米子署,車両相互,133.25485560000,35.48964444000
全事故,米子市奥谷町,2014/06/18,普通乗用×普通乗用,軽傷事故,高速隊,車両相互,133.34861890000,35.41500222000
全事故,日野郡日南町霞,2014/06/19,軽貨物×軽乗用,重傷事故,黒坂署,車両相互,133.30440830000,35.16310833000
全事故,鳥取市田園町４丁目,2014/06/23,自転車×大型乗用,重傷事故,鳥取署,車両相互,134.22504440000,35.51426944000
全事故,鳥取市南安長１丁目,2014/06/25,普通乗用×自転車,軽傷事故,鳥取署,車両相互,134.21282220000,35.50368889000
死亡事故,鳥取市秋里,2014/06/06,軽乗用×物件等,死亡事故,鳥取署,車両単独,134.21138060000,35.52040833000
自転車事故,鳥取市岩吉,2014/06/07,軽貨物×自転車,軽傷事故,鳥取署,車両相互,134.19326390000,35.51433333000
自転車事故,鳥取市興南町,2014/05/03,普通乗用×自転車,軽傷事故,鳥取署,車両相互,134.22929440000,35.48841389000
自転車事故,鳥取市南栄町,2013/12/18,軽貨物×自転車,重傷事故,鳥取署,車両相互,134.24320280000,35.45788056000
自転車事故,鳥取市南隈,2014/05/03,軽貨物×自転車,軽傷事故,鳥取署,車両相互,134.20277780000,35.51949444000
自転車事故,鳥取市田園町４丁目,2014/06/23,自転車×大型乗用,重傷事故,鳥取署,車両相互,134.22504440000,35.51426944000
自転車事故,鳥取市西町４丁目,2013/08/21,軽乗用×自転車,重傷事故,鳥取署,車両相互,134.23136110000,35.50386111000
自転車事故,鳥取市富安１丁目,2014/06/17,普通乗用×自転車,軽傷事故,鳥取署,車両相互,134.22355000000,35.49084722000
自転車事故,鳥取市古海,2014/06/12,軽貨物×自転車,軽傷事故,鳥取署,車両相互,134.20976670000,35.49738889000
自転車事故,鳥取市南安長１丁目,2014/06/25,普通乗用×自転車,軽傷事故,鳥取署,車両相互,134.21282220000,35.50368889000
自転車事故,鳥取市安長,2014/06/16,軽乗用×自転車,軽傷事故,鳥取署,車両相互,134.20319170000,35.51321667000
自転車事故,米子市彦名町,2014/04/21,普通乗用×自転車,軽傷事故,米子署,車両相互,133.29197220000,35.45252500000
自転車事故,米子市灘町一丁目,2014/05/14,普通乗用×自転車,軽傷事故,米子署,車両相互,133.32216670000,35.43338611000
自転車事故,米子市角盤町四丁目,2014/05/27,軽乗用×自転車,軽傷事故,米子署,車両相互,133.32797780000,35.43781944000
自転車事故,米子市上福原一丁目,2014/04/15,自転車×普通乗用,重傷事故,米子署,車両相互,133.36084110000,35.44335639000
自転車事故,米子市博労町三丁目,2014/05/30,普通乗用×自転車,軽傷事故,米子署,車両相互,133.34041110000,35.43349722000
自転車事故,境港市中野町,2014/05/27,普通乗用×自転車,重傷事故,境港署,車両相互,133.23480560000,35.53226111000
自転車事故,境港市幸神町,2014/06/01,軽乗用×自転車,軽傷事故,境港署,車両相互,133.23814440000,35.50531111000
自転車事故,境港市花町,2014/03/13,普通乗用×自転車,軽傷事故,境港署,車両相互,133.24095830000,35.54632778000
自転車事故,境港市竹内町,2014/06/16,普通乗用×自転車,軽傷事故,境港署,車両相互,133.24090560000,35.52444167000
歩行者事故,鳥取市吉方温泉１丁目,2014/05/30,軽乗用×歩行者,軽傷事故,鳥取署,人対車両,134.23311670000,35.49571944000
歩行者事故,鳥取市湖山町西１丁目,2014/03/29,軽乗用×歩行者,軽傷事故,鳥取署,人対車両,134.16541670000,35.52322500000
歩行者事故,八頭郡智頭町大字奥本,2014/06/01,軽乗用×歩行者,軽傷事故,智頭署,人対車両,134.20362670000,35.19278000000
歩行者事故,鳥取市気高町浜村,2014/06/09,普通乗用×歩行者,重傷事故,浜村署,人対車両,134.05083500000,35.51362806000
歩行者事故,倉吉市杉野,2014/06/09,軽貨物×歩行者,重傷事故,倉吉署,人対車両,133.74646940000,35.40410278000
歩行者事故,倉吉市東昭和町,2014/06/13,軽乗用×歩行者,軽傷事故,倉吉署,人対車両,133.83928060000,35.43710278000
歩行者事故,米子市車尾一丁目,2014/05/18,軽乗用×歩行者,軽傷事故,米子署,人対車両,133.34879440000,35.43209722000
歩行者事故,米子市西福原四丁目,2014/05/07,普通乗用×歩行者,軽傷事故,米子署,人対車両,133.34024170000,35.44328611000
歩行者事故,米子市糀町２丁目,2014/04/11,普通乗用×歩行者,重傷事故,米子署,人対車両,133.33805280000,35.42973889000
歩行者事故,米子市西倉吉町,2014/05/20,普通貨物×歩行者,軽傷事故,米子署,人対車両,133.32976940000,35.43146944000
歩行者事故,米子市三本松一丁目,2014/03/03,不詳×歩行者,重傷事故,米子署,人対車両,133.32301390000,35.44193889000
歩行者事故,米子市西福原六丁目,2014/05/06,普通乗用×歩行者,軽傷事故,米子署,人対車両,133.33667280000,35.45000222000
歩行者事故,日野郡江府町大字洲河崎,2014/06/01,普通乗用×歩行者,軽傷事故,黒坂署,人対車両,133.48169720000,35.28101944000
全事故,境港市誠道町,2013/10/14,軽乗用×軽乗用,軽傷事故,境港署,車両相互,133.23462780000,35.51670278000
全事故,鳥取市伏野,2014/04/05,軽貨物×普通乗用,軽傷事故,鳥取署,車両相互,134.12742500000,35.52681944000
全事故,岩美郡岩美町大字蒲生,2014/05/02,普通乗用×小型貨物,重傷事故,鳥取署,車両相互,134.39190830000,35.53030278000
全事故,鳥取市宮長,2014/05/13,軽乗用×自転車,重傷事故,鳥取署,車両相互,134.21825280000,35.47947222000
全事故,鳥取市霞露町北４丁目,2014/05/18,普通乗用×自転車,重傷事故,鳥取署,車両相互,134.18443890000,35.53800278000
全事故,鳥取市西品治,2014/05/24,軽乗用×自転車,重傷事故,鳥取署,車両相互,134.21742220000,35.50499444000
全事故,日野郡江府町大字御机,2014/05/27,自動二輪×相手なし,重傷事故,黒坂署,車両単独,133.55495560000,35.34638056000
全事故,鳥取市湖山町北１丁目,2014/05/30,自転車×自転車,軽傷事故,鳥取署,車両相互,134.18086670000,35.51885833000
全事故,鳥取市湖山町西１丁目,2014/05/31,普通乗用×普通乗用,軽傷事故,鳥取署,車両相互,134.16882500000,35.52004167000
全事故,倉吉市上井,2014/06/03,普通乗用×軽乗用,重傷事故,倉吉署,車両相互,133.84726390000,35.45460833000
全事故,米子市西福原九丁目,2014/06/04,軽乗用×軽乗用,軽傷事故,米子署,車両相互,133.33963060000,35.45560278000
全事故,米子市皆生五丁目,2014/06/10,軽乗用×軽乗用,軽傷事故,米子署,車両相互,133.35727780000,35.45116667000
全事故,米子市皆生四丁目,2014/06/10,普通乗用×軽乗用,軽傷事故,米子署,車両相互,133.36497500000,35.44961111000
全事故,鳥取市桜谷,2014/06/13,軽貨物×軽乗用,軽傷事故,鳥取署,車両相互,134.25380560000,35.47206389000
全事故,米子市流通町,2014/06/14,普通乗用×普通乗用,軽傷事故,米子署,車両相互,133.39942500000,35.42614722000
全事故,鳥取市正蓮寺,2014/06/15,普通乗用×物件等,重傷事故,鳥取署,車両単独,134.24294170000,35.46868333000
全事故,米子市角盤町一丁目,2014/06/16,普通乗用×軽乗用,軽傷事故,米子署,車両相互,133.33536110000,35.42926389000
全事故,鳥取市湖山町南３丁目,2014/06/17,軽乗用×自転車,軽傷事故,鳥取署,車両相互,134.17930000000,35.51048056000
全事故,鳥取市湖山町北２丁目,2014/06/18,軽乗用×軽乗用,軽傷事故,鳥取署,車両相互,134.17191390000,35.51920278000
全事故,鳥取市西品治,2014/06/19,軽乗用×軽乗用,軽傷事故,鳥取署,車両相互,134.21651110000,35.50932778000
全事故,倉吉市上井町２丁目,2014/06/19,普通乗用×自転車,軽傷事故,倉吉署,車両相互,133.84853330000,35.45435556000
全事故,鳥取市叶,2014/06/20,軽乗用×歩行者×歩行者,軽傷事故,鳥取署,人対車両,134.21764720000,35.47788056000
全事故,鳥取市江津,2014/06/20,軽乗用×軽貨物,軽傷事故,鳥取署,車両相互,134.21518060000,35.52461667000
全事故,鳥取市吉方温泉４丁目,2014/06/21,普通乗用×自転車,軽傷事故,鳥取署,車両相互,134.23889720000,35.48907222000
全事故,鳥取市伏野,2014/06/21,普通乗用×普通乗用,軽傷事故,鳥取署,車両相互,134.12961110000,35.52713056000
全事故,鳥取市松並町１丁目,2014/06/24,軽乗用×普通乗用,軽傷事故,鳥取署,車両相互,134.21699170000,35.51390833000
全事故,鳥取市富安２丁目,2014/06/24,軽貨物×軽乗用,重傷事故,鳥取署,車両相互,134.22829720000,35.48951389000
全事故,米子市両三柳,2014/06/24,自転車×軽乗用,軽傷事故,米子署,車両相互,133.31010280000,35.45291111000
全事故,米子市夜見町,2014/06/24,軽乗用×軽乗用,軽傷事故,米子署,車両相互,133.29982780000,35.47391667000
全事故,鳥取市立川町６丁目,2014/06/25,軽乗用×軽貨物,軽傷事故,鳥取署,車両相互,134.25059440000,35.48882222000
全事故,米子市上福原,2014/06/25,普通乗用×軽乗用,軽傷事故,米子署,車両相互,133.36557500000,35.43735833000
全事故,鳥取市西品治,2014/06/26,軽貨物×原付,軽傷事故,鳥取署,車両相互,134.21848610000,35.50519722000
全事故,岩美郡岩美町大字岩本,2014/06/26,普通貨物×普通乗用,軽傷事故,鳥取署,車両相互,134.31342780000,35.57747500000
全事故,鳥取市雲山,2014/06/26,軽乗用×自転車,軽傷事故,鳥取署,車両相互,134.23900830000,35.47995556000
全事故,鳥取市服部,2014/06/26,軽貨物×普通乗用,軽傷事故,鳥取署,車両相互,134.20524720000,35.47646389000
全事故,東伯郡湯梨浜町大字国信,2014/06/26,普通乗用×歩行者,軽傷事故,倉吉署,人対車両,133.91281670000,35.45778056000
全事故,鳥取市富安２丁目,2014/06/27,軽乗用×自転車,軽傷事故,鳥取署,車両相互,134.22966940000,35.48909722000
全事故,鳥取市扇町,2014/06/27,軽乗用×普通乗用,軽傷事故,鳥取署,車両相互,134.22376110000,35.49343889000
全事故,米子市道笑町四丁目,2014/06/27,軽貨物×軽乗用,軽傷事故,米子署,車両相互,133.34783890000,35.42241944000
全事故,米子市旗ヶ崎二丁目,2014/06/27,普通乗用×普通乗用,軽傷事故,米子署,車両相互,133.32053610000,35.43628056000
全事故,八頭郡八頭町船岡,2014/06/30,軽乗用×歩行者,重傷事故,郡家署,人対車両,134.24221110000,35.39234444000
全事故,東伯郡湯梨浜町大字田畑,2014/06/30,軽貨物×軽乗用,軽傷事故,倉吉署,車両相互,133.90701670000,35.46217500000
全事故,東伯郡湯梨浜町大字北福,2014/06/30,軽乗用×物件等,重傷事故,倉吉署,車両単独,133.92355000000,35.48872778000
全事故,鳥取市新品治町,2014/07/01,軽乗用×原付,軽傷事故,鳥取署,車両相互,134.22521110000,35.50719722000
全事故,米子市昭和町,2014/07/01,軽乗用×歩行者,重傷事故,米子署,人対車両,133.34384440000,35.42815000000
全事故,境港市小篠津町,2014/07/01,軽乗用×普通乗用,軽傷事故,境港署,車両相互,133.23738610000,35.50539167000
全事故,鳥取市賀露町西２丁目,2014/07/03,普通乗用×軽乗用,軽傷事故,鳥取署,車両相互,134.18427500000,35.53189722000
全事故,米子市陰田町,2014/07/03,大型貨物×軽乗用,軽傷事故,米子署,車両相互,133.32336390000,35.41104167000
全事故,鳥取市嶋,2014/07/04,軽乗用×普通乗用,軽傷事故,鳥取署,車両相互,134.19148060000,35.49385556000
全事故,鳥取市湖山町東４丁目,2014/07/04,普通乗用×普通乗用,軽傷事故,鳥取署,車両相互,134.18969170000,35.51707778000
全事故,倉吉市八屋,2014/07/06,軽貨物×自転車,重傷事故,倉吉署,車両相互,133.84914170000,35.44191667000
全事故,米子市上福原五丁目,2014/07/07,中型貨物×自転車,死亡事故,米子署,車両相互,133.35137780000,35.44668056000
全事故,鳥取市五反田町,2014/07/09,軽乗用×軽乗用,軽傷事故,鳥取署,車両相互,134.20168330000,35.50979444000
全事故,東伯郡湯梨浜町大字田後,2014/07/09,軽貨物×軽乗用,軽傷事故,倉吉署,車両相互,133.84973890000,35.47923333000
全事故,米子市旗ヶ崎四丁目,2014/07/09,普通乗用×軽乗用,軽傷事故,米子署,車両相互,133.31546670000,35.44295000000
全事故,米子市両三柳,2014/07/09,軽乗用×軽乗用,軽傷事故,米子署,車両相互,133.33415280000,35.45697222000
全事故,米子市西福原八丁目,2014/07/09,軽乗用×軽乗用,軽傷事故,米子署,車両相互,133.34057500000,35.45537500000
全事故,米子市灘町三丁目,2014/07/09,軽貨物×普通乗用,軽傷事故,米子署,車両相互,133.31831670000,35.43439722000
全事故,米子市大篠津町,2014/07/10,大型貨物×普通貨物,軽傷事故,米子署,車両相互,133.25825000000,35.48616111000
全事故,西伯郡大山町豊成,2014/07/11,軽乗用×物件等,死亡事故,高速隊,車両単独,133.53896940000,35.50743889000
全事故,鳥取市徳尾,2014/07/11,普通乗用×普通乗用,軽傷事故,鳥取署,車両相互,134.20203610000,35.49836389000
全事故,鳥取市伏野,2014/07/12,普通乗用×普通乗用,軽傷事故,鳥取署,車両相互,134.12666780000,35.52664444000
全事故,西伯郡日吉津村大字富吉,2014/07/12,軽乗用×普通乗用,軽傷事故,米子署,車両相互,133.37774720000,35.44660833000
全事故,鳥取市富安２丁目,2014/07/13,軽乗用×普通乗用,軽傷事故,鳥取署,車両相互,134.22765560000,35.49034444000
全事故,八頭郡智頭町大字駒帰,2014/07/13,普通乗用×物件等,死亡事故,智頭署,車両単独,134.32522500000,35.21849722000
全事故,米子市陰田町,2014/07/13,中型貨物×自転車,重傷事故,米子署,車両相互,133.32073890000,35.41168333000
全事故,境港市竹内団地,2014/07/13,軽乗用×歩行者,軽傷事故,境港署,人対車両,133.25240000000,35.52060833000
全事故,米子市東倉吉町,2014/07/14,普通乗用×歩行者,重傷事故,米子署,人対車両,133.33096940000,35.42951111000
全事故,鳥取市湖山町南１丁目,2014/07/15,大型貨物×自転車,重傷事故,鳥取署,車両相互,134.17696110000,35.51550833000
全事故,鳥取市古海,2014/07/16,普通乗用×軽乗用,軽傷事故,鳥取署,車両相互,134.20525560000,35.49251667000
全事故,米子市旗ヶ崎二丁目,2014/07/16,普通乗用×軽乗用,軽傷事故,米子署,車両相互,133.31883610000,35.43535000000
全事故,米子市両三柳,2014/07/16,自転車×軽乗用,重傷事故,米子署,車両相互,133.33190560000,35.45154167000
全事故,鳥取市湖山町東２丁目,2014/07/17,普通乗用×自転車,軽傷事故,鳥取署,車両相互,134.19328890000,35.51735000000
全事故,境港市外江町,2014/07/17,軽乗用×自転車,重傷事故,境港署,車両相互,133.21343610000,35.52940833000
全事故,鳥取市吉方町２丁目,2014/07/19,軽貨物×軽乗用,軽傷事故,鳥取署,車両相互,134.23847500000,35.49228056000
全事故,米子市車尾南一丁目,2014/07/19,普通乗用×自転車,軽傷事故,米子署,車両相互,133.36100000000,35.42896111000
全事故,境港市外江町,2014/07/19,軽乗用×軽貨物,軽傷事故,境港署,車両相互,133.21075830000,35.52897222000
全事故,鳥取市覚寺,2014/07/20,普通乗用×自動二輪,軽傷事故,鳥取署,車両相互,134.22902500000,35.52293889000
全事故,鳥取市気高町八束水,2014/07/21,普通乗用×軽乗用,軽傷事故,浜村署,車両相互,134.02001170000,35.51418306000
全事故,鳥取市雲山,2014/07/22,普通乗用×自転車,軽傷事故,鳥取署,車両相互,134.24156670000,35.47564167000
全事故,米子市米原五丁目,2014/07/25,軽乗用×普通乗用,軽傷事故,米子署,車両相互,133.32747780000,35.44472222000
全事故,鳥取市用瀬町鷹狩,2014/07/26,軽乗用×軽貨物,軽傷事故,智頭署,車両相互,134.20759720000,35.35654722000
全事故,日野郡江府町大字江尾,2014/07/28,中型貨物×普通乗用×普通乗用×普通乗用,重傷事故,高速隊,車両相互,133.49574720000,35.28755000000
全事故,日野郡江府町大字小江尾,2014/07/28,普通乗用×軽貨物,軽傷事故,黒坂署,車両相互,133.47954720000,35.29017222000
全事故,鳥取市気高町奥沢見,2014/07/29,普通乗用×大型貨物,死亡事故,浜村署,車両相互,134.09399720000,35.52318333000
死亡事故,西伯郡大山町豊成,2014/07/11,軽乗用×物件等,死亡事故,高速隊,車両単独,133.53896940000,35.50743889000
死亡事故,八頭郡智頭町大字駒帰,2014/07/13,普通乗用×物件等,死亡事故,智頭署,車両単独,134.32522500000,35.21849722000
死亡事故,鳥取市気高町奥沢見,2014/07/29,普通乗用×大型貨物,死亡事故,浜村署,車両相互,134.09399720000,35.52318333000
死亡事故,米子市上福原五丁目,2014/07/07,中型貨物×自転車,死亡事故,米子署,車両相互,133.35137780000,35.44668056000
自転車事故,鳥取市霞露町北４丁目,2014/05/18,普通乗用×自転車,重傷事故,鳥取署,車両相互,134.18443890000,35.53800278000
自転車事故,鳥取市富安２丁目,2014/06/27,軽乗用×自転車,軽傷事故,鳥取署,車両相互,134.22966940000,35.48909722000
自転車事故,鳥取市湖山町北１丁目,2014/05/30,自転車×自転車,軽傷事故,鳥取署,車両相互,134.18086670000,35.51885833000
自転車事故,鳥取市雲山,2014/06/26,軽乗用×自転車,軽傷事故,鳥取署,車両相互,134.23900830000,35.47995556000
自転車事故,鳥取市西品治,2014/05/24,軽乗用×自転車,重傷事故,鳥取署,車両相互,134.21742220000,35.50499444000
自転車事故,鳥取市湖山町南１丁目,2014/07/15,大型貨物×自転車,重傷事故,鳥取署,車両相互,134.17696110000,35.51550833000
自転車事故,鳥取市湖山町東２丁目,2014/07/17,普通乗用×自転車,軽傷事故,鳥取署,車両相互,134.19328890000,35.51735000000
自転車事故,鳥取市吉方温泉４丁目,2014/06/21,普通乗用×自転車,軽傷事故,鳥取署,車両相互,134.23889720000,35.48907222000
自転車事故,鳥取市湖山町南３丁目,2014/06/17,軽乗用×自転車,軽傷事故,鳥取署,車両相互,134.17930000000,35.51048056000
自転車事故,鳥取市雲山,2014/07/22,普通乗用×自転車,軽傷事故,鳥取署,車両相互,134.24156670000,35.47564167000
自転車事故,鳥取市宮長,2014/05/13,軽乗用×自転車,重傷事故,鳥取署,車両相互,134.21825280000,35.47947222000
自転車事故,倉吉市上井町２丁目,2014/06/19,普通乗用×自転車,軽傷事故,倉吉署,車両相互,133.84853330000,35.45435556000
自転車事故,倉吉市八屋,2014/07/06,軽貨物×自転車,重傷事故,倉吉署,車両相互,133.84914170000,35.44191667000
自転車事故,米子市両三柳,2014/06/24,自転車×軽乗用,軽傷事故,米子署,車両相互,133.31010280000,35.45291111000
自転車事故,米子市上福原五丁目,2014/07/07,中型貨物×自転車,死亡事故,米子署,車両相互,133.35137780000,35.44668056000
自転車事故,米子市陰田町,2014/07/13,中型貨物×自転車,重傷事故,米子署,車両相互,133.32073890000,35.41168333000
自転車事故,米子市車尾南一丁目,2014/07/19,普通乗用×自転車,軽傷事故,米子署,車両相互,133.36100000000,35.42896111000
自転車事故,米子市両三柳,2014/07/16,自転車×軽乗用,重傷事故,米子署,車両相互,133.33190560000,35.45154167000
歩行者事故,鳥取市叶,2014/06/20,軽乗用×歩行者×歩行者,軽傷事故,鳥取署,人対車両,134.21764720000,35.47788056000
歩行者事故,八頭郡八頭町船岡,2014/06/30,軽乗用×歩行者,重傷事故,郡家署,人対車両,134.24221110000,35.39234444000
歩行者事故,東伯郡湯梨浜町大字国信,2014/06/26,普通乗用×歩行者,軽傷事故,倉吉署,人対車両,133.91281670000,35.45778056000
歩行者事故,米子市昭和町,2014/07/01,軽乗用×歩行者,重傷事故,米子署,人対車両,133.34384440000,35.42815000000
歩行者事故,米子市東倉吉町,2014/07/14,普通乗用×歩行者,重傷事故,米子署,人対車両,133.33096940000,35.42951111000
歩行者事故,境港市竹内団地,2014/07/13,軽乗用×歩行者,軽傷事故,境港署,人対車両,133.25240000000,35.52060833000
